taps_from_fp,offset_m,background_mean,phase2_mean,background_sd,phase2_sd,sd_diff,sd_diff_pos,sd_diff_thresh,detected,n_background,n_phase2
-50,NaN,0.496505270531248,0.510096486948453,0.101095297808861,0.0973200181809607,-0.00377527962790074,0,0.03811516492977,0,96,97
-49.5,NaN,0.533037961239582,0.584302890010309,0.0998885052136542,0.104656404437623,0.00476789922396877,0.00476789922396877,0.0376601774100803,0,96,97
-49,NaN,0.487384016854169,0.568220492814434,0.104248342417152,0.101397420563576,-0.00285092185357645,0,0.039303932536975,0,96,97
-48.5,NaN,0.360404809750004,0.454705707804125,0.0984355686642566,0.102709812948274,0.0042742442840175,0.0042742442840175,0.03711238817148,0,96,97
-48,NaN,0.230663122010419,0.303688069628867,0.0783942771453492,0.0916063138977785,0.0132120367524293,0.0132120367524293,0.029556377672426,0,96,97
-47.5,NaN,0.164948754875001,0.20335534057732,0.0637177576744135,0.0764006116798477,0.0126828540054341,0.0126828540054341,0.0240230049799854,0,96,97
-47,NaN,0.141356349104167,0.182742162505154,0.0551773916922321,0.0763791508172953,0.0212017591250632,0.0212017591250632,0.0208030979711858,0,96,97
-46.5,NaN,0.143388748979166,0.214772125020618,0.053663205507851,0.0816935940560582,0.0280303885482072,0.0280303885482072,0.0202322162644898,0,96,97
-46,NaN,0.170761698708332,0.26449206984536,0.0655303455649573,0.0919837736188592,0.0264534280539018,0.0264534280539018,0.0247063907347651,0,96,97
-45.5,NaN,0.212045677937499,0.305280020773194,0.074717684760132,0.105867921018562,0.0311502362584305,0.0311502362584305,0.0281702209650484,0,96,97
-45,NaN,0.239113090031249,0.314567990546391,0.0798205273823961,0.119879038583959,0.0400585112015626,0.0400585112015626,0.0300941055805918,0,96,97
-44.5,NaN,0.234889471395833,0.284584558216495,0.0780960221303973,0.120511452489345,0.0424154303589473,0.0424154303589473,0.0294439289301757,0,96,97
-44,NaN,0.227910995020833,0.243756846855671,0.081081318910474,0.111372674900147,0.030291355989673,0.030291355989673,0.0305694518931929,0,96,97
-43.5,NaN,0.24116718021875,0.237416452597939,0.0843560013532563,0.0932155333518053,0.00885953199854904,0.00885953199854904,0.0318040796563481,0,96,97
-43,NaN,0.258908372333333,0.26521819857732,0.082830012212701,0.0887653047935707,0.00593529258086962,0.00593529258086962,0.0312287479739264,0,96,97
-42.5,NaN,0.290158772697917,0.313986929278351,0.0808700552872072,0.113509092292445,0.0326390370052375,0.0326390370052375,0.0304898008310861,0,96,97
-42,NaN,0.361564340718748,0.39726642325773,0.0795228273729535,0.120460592291259,0.0409377649183054,0.0409377649183054,0.0299818660877031,0,96,97
-41.5,NaN,0.470558325093746,0.493656140505152,0.0839704586405466,0.107871129189498,0.0239006705489515,0.0239006705489515,0.0316587215200065,0,96,97
-41,NaN,0.554633021427082,0.54837415926804,0.0939447161058742,0.100781606076282,0.00683688997040727,0.00683688997040727,0.0354192373558837,0,96,97
-40.5,NaN,0.5682959101875,0.538888160556701,0.0950558866510033,0.102215280187586,0.00715939353658301,0.00715939353658301,0.0358381732461837,0,96,97
-40,NaN,0.562293245562499,0.50689831013402,0.0948274709633181,0.103846628011318,0.00901915704799956,0.00901915704799956,0.0357520554761453,0,96,97
-39.5,NaN,0.566300481239582,0.49244590156701,0.0970951783979324,0.11200065811549,0.014905479717558,0.014905479717558,0.0366070313727118,0,96,97
-39,NaN,0.540820510125002,0.464139888752578,0.0958545372389856,0.112174549082644,0.0163200118436585,0.0163200118436585,0.036139282195284,0,96,97
-38.5,NaN,0.442887486208336,0.383767940494847,0.0942554011754846,0.102876212542727,0.00862081136724202,0.00862081136724202,0.0355363725038686,0,96,97
-38,NaN,0.314767965687503,0.27774077502062,0.0882847452029605,0.0887862304074659,0.000501485204505422,0.000501485204505422,0.033285303046989,0,96,97
-37.5,NaN,0.261943944645836,0.215276733546394,0.0763719471811691,0.0768971860945093,0.000525238913340192,0.000525238913340192,0.0287939145134284,0,96,97
-37,NaN,0.290440426583334,0.22669063202062,0.0810228984368364,0.0790048402831536,-0.00201805815368283,0,0.0305474260815455,0,96,97
-36.5,NaN,0.2946198864375,0.232049147103093,0.0849910723411165,0.0864752137577983,0.00148414141668188,0.00148414141668188,0.0320435154755112,0,96,97
-36,NaN,0.235050610916668,0.184835145680411,0.0655900925119303,0.0617727950980838,-0.00381729741384648,0,0.0247289166562202,0,96,97
-35.5,NaN,0.185360568052085,0.1623853695567,0.0488625059718669,0.045965349584115,-0.00289715638775186,0,0.0184222462801463,0,96,97
-35,NaN,0.201401370614583,0.20519154798969,0.0671283375654925,0.0719655789780466,0.00483724141255408,0.00483724141255408,0.0253088690891195,0,96,97
-34.5,NaN,0.268975487177082,0.27165816771134,0.082421421178849,0.0881972302973172,0.00577580911846826,0.00577580911846826,0.0310747001103596,0,96,97
-34,NaN,0.331197941135416,0.31948750029897,0.0918444948384432,0.0903288337993849,-0.00151566103905831,0,0.0346274074515049,0,96,97
-33.5,NaN,0.338212924135417,0.320690016536083,0.0940434899600681,0.0940683992448864,2.49092848183252e-05,2.49092848183252e-05,0.0354564772851875,0,96,97
-33,NaN,0.290790559312499,0.263957163536082,0.0831017106423246,0.0796166718997754,-0.0034850387425492,0,0.0313311842957011,0,96,97
-32.5,NaN,0.274500008249999,0.243803701577317,0.0718860771681662,0.0881362888945627,0.0162502117263965,0.0162502117263965,0.0271026422277245,0,96,97
-32,NaN,0.401061635999994,0.387311008185561,0.0831121174054311,0.0907274033630046,0.00761528595757355,0.00761528595757355,0.0313351078757368,0,96,97
-31.5,NaN,0.666140542833325,0.66383450279381,0.0919370059709625,0.12476832974875,0.0328313237777874,0.0328313237777874,0.0346622861961175,0,96,97
-31,NaN,0.898224099624997,0.909333828907216,0.0907240487243357,0.145544814007641,0.0548207652833051,0.0548207652833051,0.0342049744663934,0,96,97
-30.5,NaN,0.920710965520833,0.951327909680414,0.107696874934227,0.145423324029842,0.0377264490956147,0.0377264490956147,0.0406041056261577,0,96,97
-30,NaN,0.756990824593754,0.767762671680415,0.10449722898246,0.111127008344157,0.0066297793616972,0.0066297793616972,0.0393977682809821,0,96,97
-29.5,NaN,0.589018517104171,0.547280969597941,0.0961144191878854,0.107954769974726,0.011840350786841,0.011840350786841,0.0362372634422784,0,96,97
-29,NaN,0.501158935187503,0.415266980268043,0.102535974652297,0.0972280201267296,-0.00530795452556743,0,0.0386583319878647,0,96,97
-28.5,NaN,0.429873640812504,0.335024849969076,0.107415141458898,0.101540336425723,-0.00587480503317558,0,0.0404978858700351,0,96,97
-28,NaN,0.422478989635417,0.360080575226804,0.0979116116292153,0.110734549235438,0.0128229376062223,0.0128229376062223,0.0369148447719396,0,96,97
-27.5,NaN,0.522377747385414,0.481405176969071,0.095164741262373,0.108692211665066,0.0135274704026933,0.0135274704026933,0.0358792138440715,0,96,97
-27,NaN,0.573554125062501,0.527967511257733,0.103973655085956,0.094944166176158,-0.00902948890979803,0,0.0392003693331508,0,96,97
-26.5,NaN,0.485357049770836,0.476130766628866,0.0952534178655448,0.0948147673037578,-0.000438650561786977,0,0.0359126468862462,0,96,97
-26,NaN,0.363554377020834,0.433631681896904,0.0748523553233009,0.0914045377299663,0.0165521824066655,0.0165521824066655,0.0282209947481779,0,96,97
-25.5,NaN,0.287714977656249,0.435640069474225,0.0861639269983341,0.102637853940026,0.0164739269416916,0.0164739269416916,0.0324857076413924,0,96,97
-25,NaN,0.233740557052086,0.400248859072166,0.0868627253271078,0.111164828726116,0.0243021033990087,0.0243021033990087,0.0327491700786287,0,96,97
-24.5,NaN,0.216840191531252,0.289604088154642,0.0584416793041542,0.0914563524015929,0.0330146730974388,0.0330146730974388,0.0220338066530263,0,96,97
-24,NaN,0.272430542822916,0.22348340015464,0.0870235494396737,0.0636157442193382,-0.0234078052203355,0,0.0328098043287669,0,96,97
-23.5,NaN,0.348778249635416,0.256041699554638,0.103044527050761,0.0882867931391716,-0.0147577339115896,0,0.0388500674984474,0,96,97
-23,NaN,0.379357675333334,0.298580902121649,0.100342186361277,0.104360112879686,0.00401792651840852,0.00401792651840852,0.0378312252445688,0,96,97
-22.5,NaN,0.353738678718751,0.290234802472164,0.092755297029102,0.0997331132029454,0.00697781617384334,0.00697781617384334,0.0349708000371916,0,96,97
-22,NaN,0.315204850364582,0.261863239760823,0.0846418816381419,0.0774537263016566,-0.00718815533648527,0,0.0319118628514596,0,96,97
-21.5,NaN,0.332338728843748,0.293352561874226,0.0843734856801881,0.0841873910895198,-0.000186094590668318,0,0.0318106716346017,0,96,97
-21,NaN,0.3754746080625,0.34839546312165,0.0899023588974584,0.0947117010440219,0.00480934214656357,0.00480934214656357,0.0338951792142764,0,96,97
-20.5,NaN,0.338182233958335,0.319609871400002,0.0915903034135451,0.0822981137682429,-0.00929218964530225,0,0.0345315716580138,0,96,97
-20,NaN,0.245651334968751,0.237321261863919,0.0857443086144777,0.0678484279910073,-0.0178958806234704,0,0.0323275022227933,0,96,97
-19.5,NaN,0.22388691540625,0.193688422936084,0.0673796416854684,0.0632251908887131,-0.00415445079675525,0,0.0254036163047469,0,96,97
-19,NaN,0.268604202510416,0.210792559317526,0.0775812598974594,0.0684022021025653,-0.00917905779489406,0,0.0292498521745471,0,96,97
-18.5,NaN,0.304441314979167,0.264763705142268,0.0841661773291802,0.0794495233695817,-0.00471665395959857,0,0.031732511797683,0,96,97
-18,NaN,0.335426477875,0.360726669183503,0.0913550930541326,0.0998641389412106,0.00850904588707797,0.00850904588707797,0.0344428921463401,0,96,97
-17.5,NaN,0.3889478233125,0.48314856436907,0.0979802051133448,0.111257057840894,0.0132768527275489,0.0132768527275489,0.0369407060337131,0,96,97
-17,NaN,0.423283716604167,0.544967037441238,0.103248756105892,0.110655781327098,0.00740702522120526,0.00740702522120526,0.038927066372663,0,96,97
-16.5,NaN,0.370990275875001,0.483436462162888,0.0956996355552858,0.109462915412997,0.0137632798577116,0.0137632798577116,0.0360808808319161,0,96,97
-16,NaN,0.265409555197918,0.333953892162887,0.0772096165955302,0.082218203408198,0.00500858681266772,0.00500858681266772,0.029109734423721,0,96,97
-15.5,NaN,0.17634335578125,0.208680145832989,0.0448385486347706,0.0565415811307778,0.0117030324960073,0.0117030324960073,0.0169051252972914,0,96,97
-15,NaN,0.131893115260417,0.165398996791752,0.0420738897603338,0.0542305268914863,0.0121566371311525,0.0121566371311525,0.0158627877083272,0,96,97
-14.5,NaN,0.124272377500001,0.172887631760824,0.0446445540545005,0.0707449690537181,0.0261004149992176,0.0261004149992176,0.0168319850466296,0,96,97
-14,NaN,0.129080434104168,0.209921787585565,0.0349535691304041,0.0742535955624955,0.0393000264320914,0.0393000264320914,0.0131782692287859,0,96,97
-13.5,NaN,0.15418941075,0.270699202503091,0.060505132373959,0.0933851421453367,0.0328800097713778,0.0328800097713778,0.0228117741330682,0,96,97
-13,NaN,0.189387366770832,0.314541552513402,0.0816008124852003,0.115272305830964,0.033671493345764,0.033671493345764,0.0307653124693997,0,96,97
-12.5,NaN,0.204780058645833,0.295209997482476,0.0842628361383763,0.115414909136407,0.0311520729980307,0.0311520729980307,0.031768954308208,0,96,97
-12,NaN,0.201233915656249,0.235587285688662,0.0790560777486949,0.0958228281893617,0.0167667504406668,0.0167667504406668,0.0298058911482637,0,96,97
-11.5,NaN,0.186907938062499,0.188594057534021,0.0692097694596777,0.0717124105792114,0.00250264111953373,0.00250264111953373,0.0260936149838984,0,96,97
-11,NaN,0.166383168802084,0.163610407606185,0.0575639097779261,0.0708420357778514,0.0132781259999253,0.0132781259999253,0.021702868112979,0,96,97
-10.5,NaN,0.158407573854167,0.156757402977319,0.044193352121878,0.0562822412902579,0.0120888891683799,0.0120888891683799,0.0166618719310715,0,96,97
-10,NaN,0.215117043072915,0.198058526843297,0.0739400318316325,0.0518927502649287,-0.0220472815667037,0,0.0278770285983379,0,96,97
-9.5,NaN,0.369221254499998,0.318932482358762,0.0925090784536565,0.0838866031840459,-0.00862247526961056,0,0.0348779701844162,0,96,97
-9,NaN,0.532606326875,0.472626597430928,0.0971555927826711,0.0959623837022784,-0.00119320908039267,0,0.0366298089329778,0,96,97
-8.5,NaN,0.600393900791666,0.55959910282268,0.104021903858342,0.10345422785282,-0.000567676005521281,0,0.0392185601882844,0,96,97
-8,NaN,0.542127347989584,0.521816876317527,0.099095485327373,0.104392462389646,0.00529697706227268,0.00529697706227268,0.037361191360152,0,96,97
-7.5,NaN,0.372959484364585,0.380758716080413,0.0875886881129934,0.0931926657377679,0.00560397762477449,0.00560397762477449,0.0330228741174577,0,96,97
-7,NaN,0.219688681385417,0.233964893152577,0.0640715771054649,0.0683095642736972,0.00423798716823227,0.00423798716823227,0.0241564027369749,0,96,97
-6.5,NaN,0.175839610583334,0.162511022760824,0.0611359142301423,0.0521177865634088,-0.00901812766673342,0,0.023049592854653,0,96,97
-6,NaN,0.170752686958334,0.146303553647423,0.0663932076711801,0.064962557651294,-0.00143065001988604,0,0.0250317088475077,0,96,97
-5.5,NaN,0.157526433104167,0.140133561090722,0.0494705470073458,0.0552076055317146,0.00573705852436877,0.00573705852436877,0.0186514912089773,0,96,97
-5,NaN,0.164078016322917,0.143845716131959,0.0628414106790445,0.0576035342713841,-0.00523787640766037,0,0.0236926027655585,0,96,97
-4.5,NaN,0.177466153520833,0.14930634025567,0.0768090936060662,0.0691923804862949,-0.00761671311977129,0,0.0289587283914677,0,96,97
-4,NaN,0.166569269958333,0.141458675276289,0.0657806364245863,0.0625087325390319,-0.00327190388555434,0,0.0248007559288141,0,96,97
-3.5,NaN,0.145773665239583,0.13578405113402,0.0374012093771536,0.0451076237171315,0.00770641433997787,0.00770641433997787,0.0141010837781825,0,96,97
-3,NaN,0.161389231697916,0.152321145020618,0.0520362574712456,0.0507742744336052,-0.00126198303764039,0,0.0196188208436204,0,96,97
-2.5,NaN,0.233985655156249,0.207735458958763,0.078458546423843,0.0744078156445448,-0.00405073077929825,0,0.0295806086129623,0,96,97
-2,NaN,0.349697936541666,0.341702288164947,0.0953649203235579,0.171253963735519,0.0758890434119615,0.0758890434119615,0.0359546857809263,0,96,97
-1.5,NaN,0.705233657072918,0.714505217536083,0.138443573230413,0.332928951562729,0.194485378332317,0.194485378332317,0.0521962914350437,0,96,97
-1,NaN,1.88082452145832,1.95263798011339,0.380987969617154,0.512168505714741,0.131180536097588,0.131180536097588,0.143640897380522,0,96,97
-0.5,NaN,4.94559690131249,4.94860903084536,0.390707211116662,0.537029902178647,0.146322691061985,0.146322691061985,0.147305266552731,0,96,97
0,NaN,9.53544032802081,9.55113807991753,0.238853647818851,0.220567277336153,-0.0182863704826981,0,0.0900531120438986,0,96,97
0.5,NaN,14.117186689677,14.1759867776495,0.468009046896896,0.561796469476022,0.0937874225791263,0.0937874225791263,0.176449769650276,0,96,97
1,NaN,17.2464443519167,17.2362323496186,0.334566772496377,0.57077354926591,0.236206776769533,0.236206776769533,0.126139078573469,0,96,97
1.5,NaN,18.5212699983229,18.5376294597835,0.165098496703326,0.412375766911067,0.247277270207741,0.247277270207741,0.0622457875677059,0,96,97
2,NaN,18.7969116915938,18.8069494173918,0.143460045634543,0.26585640273924,0.122396357104697,0.122396357104697,0.0540876125666216,0,96,97
2.5,0.284087143144494,18.1582170576771,18.2011712048041,0.267351594700312,0.27886399401815,0.0115123993178384,0.0115123993178384,0.100797468795291,0,96,97
3,0.415550261219988,16.3265497070313,16.2594080142887,0.439568768212106,0.478108338073443,0.0385395698613369,0.0385395698613369,0.165727155085463,0,96,97
3.5,0.525289961925792,14.1352637874584,13.9860128139278,0.973034904569242,0.990016832592832,0.0169819280235897,0.0169819280235897,0.366855696297566,0,96,97
4,0.624858446690128,13.8111607903854,13.8446772959381,0.841568517965415,0.871564730733265,0.0299962127678496,0.0299962127678496,0.317289958654657,0,96,97
4.5,0.718496779742262,15.3615372680208,15.4525606502268,0.615180645926023,0.672854736663491,0.0576740907374689,0.0576740907374689,0.231936719998638,0,96,97
5,0.80826862886048,15.3506039848542,15.1767506182578,0.751811448411032,0.7436826842827,-0.0081287641283323,0,0.283449556738572,0,96,97
5.5,0.895337779890919,11.7640789068854,11.5293361568041,1.18948193455211,1.20204308861851,0.0125611540664039,0.0125611540664039,0.448461017466447,0,96,97
6,0.980424557831963,8.56623833979167,8.50008142508245,1.79066193617133,1.82481459128803,0.0341526551167035,0.0341526551167035,0.675119184669428,0,96,97
6.5,1.06400465078871,9.9350961058854,9.76945028084535,1.36879226901225,1.25626034692551,-0.112531922086742,0,0.516064982435049,0,96,97
7,1.14640764564792,12.3513907292083,12.0082103699588,0.806155831597725,0.824124216762399,0.017968385164674,0.017968385164674,0.303938592065257,0,96,97
7.5,1.22787055217559,10.8898926377917,10.6726139298041,0.69275417315803,0.749771841217966,0.0570176680599365,0.0570176680599365,0.261183656787154,0,96,97
8,1.30856895332267,7.08840163110418,6.95872232413401,1.01204211863879,0.957271753113355,-0.0547703655254351,0,0.381562279392288,0,96,97
8.5,1.38863613956284,5.39592321296877,5.19373220581443,1.1742664555581,1.2980920844801,0.123825628922007,0.123825628922007,0.442724445104411,0,96,97
9,1.46817538475483,6.36273728692708,6.26837024902062,0.648648016707871,0.629591799135987,-0.0190562175718845,0,0.24455465955432,0,96,97
9.5,1.54726810944322,6.94917542363541,6.98107932079382,0.40575116056336,0.49928325160227,0.0935320910389101,0.0935320910389101,0.152977168478774,0,96,97
10,1.62597947539322,5.76189462787503,5.70574653238145,0.244395989758962,0.246817097990865,0.00242110823190331,0.00242110823190331,0.0921426976302028,0,96,97
10.5,1.70436231949078,3.80437545010422,3.67648876589692,0.245486881573801,0.28596194009676,0.0404750585229593,0.0404750585229593,0.0925539879903314,0,96,97
11,1.78245998204728,2.30351592870836,2.21891469206186,0.18399018612824,0.184479728990024,0.000489542861784625,0.000489542861784625,0.0693683726318894,0,96,97
11.5,1.86030838005423,1.5177297519896,1.4977180145464,0.0971504700587252,0.110887851731246,0.013737381672521,0.013737381672521,0.0366278775526632,0,96,97
12,1.93793755317348,0.978657858875013,1.01695072139176,0.0817751986087186,0.113380826276816,0.0316056276680974,0.0316056276680974,0.0308310598978502,1,96,97
12.5,2.01537283421703,0.690065023583343,0.687516020649488,0.20374160738837,0.216393835212052,0.0126522278236816,0.0126522278236816,0.0768150956273605,0,96,97
13,2.09263574747255,0.932429032718735,0.907576378371126,0.156944022820967,0.172879429194265,0.0159354063732979,0.0159354063732979,0.0591713704219228,0,96,97
13.5,2.16974470666482,1.67360682279164,1.64390689941236,0.133240564449135,0.141245139426175,0.0080045749770396,0.0080045749770396,0.050234641960462,0,96,97
14,2.24671556330569,2.34342056380207,2.31038581674227,0.14718134355984,0.144831803852198,-0.00234953970764221,0,0.0554906242521273,0,96,97
14.5,2.32356204188741,2.56497335833333,2.54928868081443,0.117940155814113,0.140088263043709,0.0221481072295958,0.0221481072295958,0.044466049243921,0,96,97
15,2.40029608848575,2.49579397383334,2.47563019859794,0.100594289567895,0.115779329096093,0.0151850395281981,0.0151850395281981,0.0379262737335471,0,96,97
15.5,2.47692815238957,2.33348640314584,2.30950934915464,0.0990209588010285,0.12372536780328,0.0247044090022513,0.0247044090022513,0.0373330932101407,0,96,97
16,2.55346741541771,2.11345864710417,2.08568016926804,0.119198415648323,0.1712155817912,0.0520171661428776,0.0520171661428776,0.044940441051897,1,96,97
16.5,2.62992198000245,1.70903952605209,1.76791873706185,0.112116027388008,0.281224610814815,0.169108583426807,0.169108583426807,0.0422702239153003,1,96,97
17,2.70629902449822,1.14082157440626,1.5671642252411,0.105470448573359,0.393631488298465,0.288161039725106,0.288161039725106,0.0397646936081138,1,96,97
17.5,2.78260493223526,0.637562390937512,1.83106424523977,0.15331289508948,0.422515480514117,0.269202585424637,0.269202585424637,0.0578023548953217,1,96,97
18,2.85884539938766,0.439468112656249,2.57335492466111,0.127454223658514,0.540218690157936,0.412764466499422,0.412764466499422,0.0480530634068151,1,96,97
18.5,2.93502552563006,0.568623555635412,3.4247835836804,0.0951628862823822,0.747073645836956,0.651910759554573,0.651910759554573,0.0358785144755566,1,96,97
19,3.01114989072281,0.804989943687495,3.86671616516362,0.0892632286436997,0.915532834254948,0.826269605611249,0.826269605611249,0.0336542129620213,1,96,97
19.5,3.0872226195239,1.08101963697916,3.52812084020353,0.0965431041878275,1.08818646215958,0.991643357971748,0.991643357971748,0.0363988871758234,1,96,97
20,3.16324743742882,1.36522237130208,2.68209754890325,0.10233054323474,1.04028779859644,0.937957255361705,0.937957255361705,0.0385808797964012,1,96,97
20.5,3.2392277178519,1.60870327448958,2.14798357895346,0.100037259508759,0.601651766999704,0.501614507490945,0.501614507490945,0.0377162610718806,1,96,97
21,3.31516652305733,1.86655732642707,2.3534914543748,0.104618518718025,0.438650076166014,0.334031557447989,0.334031557447989,0.0394434971959322,1,96,97
21.5,3.39106663940714,2.3452676561979,3.19244921129099,0.134361997111566,0.973887363553699,0.839525366442133,0.839525366442133,0.0506574468961278,1,96,97
22,3.46693060790088,3.27552215982288,4.36023488859892,0.174893760565957,1.25449408353843,1.07960032297248,1.07960032297248,0.0659388188535002,1,96,97
22.5,3.54276075072817,4.90658277635412,5.69339045057696,0.182354968016593,1.19123906451477,1.00888409649818,1.00888409649818,0.0687518592096786,1,96,97
23,3.61855919443084,6.97016008270828,7.26753386611171,0.159696398502216,0.836080065666945,0.676383667164729,0.676383667164729,0.0602090769751776,1,96,97
23.5,3.69432789017163,8.98498762270828,8.79573732222378,0.214307790567785,0.717601305031308,0.503293514463523,0.503293514463523,0.0807987805592054,1,96,97
24,3.77006863152383,10.3659067647916,9.76242335914001,0.271986335694936,0.874301330657463,0.602314994962526,0.602314994962526,0.102544868736196,1,96,97
24.5,3.84578307013019,10.3247737389792,9.66910829291189,0.293488487629219,0.984039772542729,0.69055128491351,0.69055128491351,0.110651655946711,1,96,97
25,3.92147272952395,8.77877737548964,8.18989931487965,0.292161284509102,0.684179042342284,0.392017757833182,0.392017757833182,0.110151270993949,1,96,97
25.5,3.99713901735979,5.973588797823,5.68546664103296,0.327419396507369,0.413431085630739,0.0860116891233707,0.0860116891233707,0.123444359624709,0,96,97
26,4.07278323626485,3.26796297308339,3.28100422221717,0.318841603629601,0.323885791058371,0.00504418742877016,0.00504418742877016,0.120210341847861,0,96,97
26.5,4.14840659348864,2.13925179653127,2.07318221578284,0.377644920377391,0.486041145217832,0.108396224840441,0.108396224840441,0.142380493821666,0,96,97
27,4.22401020950471,2.20310793689583,2.02007255758563,0.238819572645145,0.415356866719958,0.176537294074812,0.176537294074812,0.0900402649491876,1,96,97
27.5,4.29959512569498,2.27689723352083,2.17092541239873,0.192061878653538,0.325822105294021,0.133760226640483,0.133760226640483,0.0724115793737678,1,96,97
28,4.37516231122915,2.08730234098958,2.1232010931809,0.209651571393518,0.233118797722427,0.0234672263289088,0.0234672263289088,0.0790432828691757,0,96,97
28.5,4.45071266923624,2.28391080470833,2.31551657741669,0.178235626588112,0.224432470765974,0.0461968441778626,0.0461968441778626,0.0671987763131284,0,96,97
29,4.52624704235197,2.98624805279165,2.92134132630195,0.120989496300276,0.166050732157844,0.0450612358575683,0.0450612358575683,0.0456157181016838,0,96,97
29.5,4.60176621771467,3.76131131455206,3.57144312635217,0.16469081724024,0.156200011246588,-0.00849080599365204,0,0.0620920833864947,0,96,97
30,4.67727093147275,4.17647267203125,3.89274950147456,0.147694432838875,0.174642830676732,0.0269483978378571,0.0269483978378571,0.0556840702671053,0,96,97
30.5,4.75276187285877,3.95240563458334,3.67911866034953,0.165879245334874,0.245365634718547,0.0794863893836723,0.0794863893836723,0.0625401470829865,1,96,97
31,4.82823968787797,3.1868708923646,2.95179402915232,0.188733344035618,0.34352951448458,0.154796170448962,0.154796170448962,0.0711566481486151,1,96,97
31.5,4.90370498265342,2.48070935202086,2.35932173183139,0.384775925204076,0.499709176190353,0.114933250986276,0.114933250986276,0.14506904047987,0,96,97
32,4.97915832646442,2.74773967179164,2.85008445581973,0.334879971538012,0.574758392109941,0.239878420571929,0.239878420571929,0.126257161544552,1,96,97
32.5,5.05460025451074,4.05358157823954,4.24114523896274,0.253451779619822,0.740595506757643,0.487143727137821,0.487143727137821,0.0955569308497203,1,96,97
33,5.13003127043101,5.10615882373957,5.24992759388927,0.236883905243254,0.699731567450908,0.462847662207654,0.462847662207654,0.0893104754943726,1,96,97
33.5,5.20545184860066,4.83552079300001,5.01427864252712,0.23472269939149,0.595427369240586,0.360704669849096,0.360704669849096,0.0884956530518601,1,96,97
34,5.28086243623142,3.44442990351046,3.61031992138146,0.202701414747047,0.365782648511193,0.163081233764146,0.163081233764146,0.076422919977829,1,96,97
34.5,5.35626345529232,2.07528905612505,2.13330147250384,0.63852447749205,0.654612878539748,0.0160884010476976,0.0160884010476976,0.240737861194286,0,96,97
35,5.43165530426959,2.27596179376039,2.23507327118289,0.531245511455898,0.651476380133084,0.120230868677186,0.120230868677186,0.20029131647275,0,96,97
35.5,5.50703835978105,4.13493724001035,3.89626359528464,0.376045106141232,0.629038633876969,0.252993527735737,0.252993527735737,0.141777328444148,1,96,97
36,5.58241297805886,5.44831319409374,4.99066110835552,0.43930075987732,0.566618081925834,0.127317322048514,0.127317322048514,0.165626110011119,0,96,97
36.5,5.65777949631302,4.56420513386462,4.16595452855008,0.381469169092752,0.487108946211006,0.105639777118254,0.105639777118254,0.143822320233752,0,96,97
37,5.73313823398669,2.88448182042711,2.8060492792085,0.648688131736753,0.764933603936339,0.116245472199586,0.116245472199586,0.24456978380812,0,96,97
37.5,5.8084894939132,2.82135670962499,3.15038585557829,0.708629759390069,0.764317309403927,0.0556875500138579,0.0556875500138579,0.267169104188822,0,96,97
38,5.88383356338365,3.99048497044789,4.73431333488626,0.435619180499727,0.503581927965175,0.0679627474654479,0.0679627474654479,0.164238073097233,0,96,97
38.5,5.95917071513311,4.07654171720834,5.27231891418391,0.375030516622029,0.488987285550134,0.113956768928105,0.113956768928105,0.141394805738359,0,96,97
39,6.03450120825243,3.03733396039585,4.35281224332692,0.704976957895255,0.378093964245951,-0.326882993649304,0,0.265791917173717,0,96,97
39.5,6.10982528903241,3.29549475960416,3.64431665304723,0.804678422834085,0.511743491408012,-0.292934931426072,0,0.303381576260216,0,96,97
40,6.18514319174585,5.43244064551036,4.24499353542732,0.372011996203979,0.369650866825935,-0.00236112937804384,0,0.14025675672845,0,96,97
40.5,6.26045513937285,7.38111432467703,5.178014073426,0.421753751299022,0.408786076869986,-0.0129676744290356,0,0.159010499389442,0,96,97
41,6.33576134427426,7.31726639761462,4.85318646234223,0.420240606112953,0.396996010419735,-0.0232445956932175,0,0.158440010162151,0,96,97
41.5,6.41106200881726,4.98025728227091,3.14085927340275,0.475692557887509,0.581444174409449,0.10575161652194,0.10575161652194,0.17934662336152,0,96,97
42,6.4863573259573,2.68915009061461,1.91763978363849,0.823504232233058,0.871499839836448,0.0479956076033905,0.0479956076033905,0.310479323096423,0,96,97
42.5,6.56164747977975,2.70295310970831,2.5034134274619,0.647479321288455,0.523208943113486,-0.124270378174969,0,0.244114035513151,0,96,97
43,6.63693264600448,3.7197445487604,3.50001509267709,0.29576937015763,0.373266759497824,0.0774973893401938,0.0774973893401938,0.111511599145258,0,96,97
43.5,6.71221299245636,3.62888813934376,3.39131024859329,0.253228154037474,0.34069212789573,0.0874639738582562,0.0874639738582562,0.0954726190554184,0,96,97
44,6.78748867950437,2.50513821176045,2.36614518269505,0.272424643473155,0.420470586911826,0.148045943438671,0.148045943438671,0.102710120470143,0,96,97
44.5,6.86275986047159,1.81156205806252,1.59584020857,0.508002091384496,0.680623164058698,0.172621072674202,0.172621072674202,0.191528032633096,0,96,97
45,6.93802668201845,2.5912299943958,2.28175699941401,0.282481216767324,0.473584629007424,0.1911034122401,0.1911034122401,0.106501671195482,0,96,97
45.5,7.01328928450125,4.5534369177916,4.35940806873226,0.218714055728801,0.277356620258921,0.05864256453012,0.05864256453012,0.0824600400537269,0,96,97
46,7.08854780230761,6.35051550087496,6.64596221983404,0.222099674743515,0.229795440346859,0.00769576560334462,0.00769576560334462,0.083736493359984,0,96,97
46.5,7.16380236417086,7.00298465435416,8.05375872713168,0.25739255663765,0.36304566400687,0.10565310736922,0.10565310736922,0.0970426910110872,0,96,97
47,7.23905309346464,6.42624830665628,7.92990672019224,0.22444552055423,0.386707368389245,0.162261847835015,0.162261847835015,0.0846209291538651,0,96,97
47.5,7.31430010847928,4.83008515854171,6.22216503458266,0.228146237058595,0.305176714919124,0.0770304778605291,0.0770304778605291,0.0860161811881278,0,96,97
48,7.38954352268122,3.17611263061462,3.86483751617528,0.235564241626462,0.23356457237325,-0.00199966925321229,0,0.0888129331012446,0,96,97
48.5,7.46478344495673,2.28194083557293,2.16431447836084,0.189112959547079,0.353651072726398,0.164538113179318,0.164538113179318,0.0712997715988926,0,96,97
49,7.5400199798409,1.8326087586146,1.53876377594846,0.172422551176508,0.248766735051576,0.076344183875068,0.076344183875068,0.0650071182156233,0,96,97
49.5,7.61525322773314,1.25453294504169,1.3367944425567,0.216377719757353,0.204776204314814,-0.0116015154425388,0,0.0815791896797415,0,96,97
50,7.69048328509984,0.856000223031253,1.0536978753299,0.344228407033569,0.210019915695436,-0.134208491338133,0,0.129781728645805,0,96,97
50.5,7.76571024466533,1.21617589596874,0.886794935103091,0.242831477415051,0.224114580864227,-0.0187168965508236,0,0.0915528418474384,0,96,97
51,7.84093419559175,1.71139090415624,0.868641787144334,0.173317656807977,0.208002314771446,0.0346846579634691,0.0346846579634691,0.0653445928510662,0,96,97
51.5,7.91615522364866,1.64309894986459,0.698900236453614,0.167870479871785,0.188911040306273,0.0210405604344878,0.0210405604344878,0.0632908865776334,0,96,97
52,7.99137341137304,1.38550058347292,0.622030353773191,0.149008490046425,0.230387641595098,0.0813791515486727,0.0813791515486727,0.0561794989198564,0,96,97
52.5,8.06658883822028,1.47981372604583,1.03709397721649,0.141230338704668,0.172049922235196,0.0308195835305274,0.0308195835305274,0.0532469637014499,0,96,97
53,8.14180158070682,1.74413943799375,1.59946773235052,0.146442767425627,0.199119922796736,0.0526771553711093,0.0526771553711093,0.0552121647017935,0,96,97
53.5,8.21701171254489,1.6836585129625,1.7954150718866,0.129745699817215,0.287945104068839,0.158199404251624,0.158199404251624,0.0489170006384621,0,96,97
54,8.29221930476998,1.33863579148334,1.49324894970103,0.169617754825242,0.314318885052525,0.144701130227283,0.144701130227283,0.0639496479094867,0,96,97
54.5,8.36742442586128,1.265276077025,1.04937550692783,0.206966638178416,0.333072243965344,0.126105605786928,0.126105605786928,0.0780310036184382,0,96,97
55,8.44262714185579,1.69394738538957,1.1175631297835,0.140452383016585,0.233035455401874,0.0925830723852881,0.0925830723852881,0.0529536571876752,0,96,97
55.5,8.51782751645629,2.19368924396249,1.69720309221649,0.180267010413895,0.185293619783968,0.00502660937007274,0.00502660937007274,0.0679646529783497,0,96,97
56,8.59302561113372,2.29972055023334,2.15415963781444,0.14726090448963,0.151182227871311,0.00392132338168111,0.00392132338168111,0.0555206204836697,0,96,97
56.5,8.66822148522406,2.05885867510834,2.17350481167011,0.133462918517106,0.146027634701497,0.0125647161843909,0.0125647161843909,0.0503184743656995,0,96,97
57,8.74341519602037,1.87140282580209,1.9127233797732,0.143460343463435,0.173696708365619,0.0302363649021839,0.0302363649021839,0.0540877248547061,0,96,97
57.5,8.81860679886001,1.89185203942708,1.64101668007216,0.12703999595123,0.178050922741617,0.0510109267903869,0.0510109267903869,0.0478968903926014,0,96,97
58,8.89379634720742,1.95352305569792,1.56025384904124,0.115112197983833,0.156007690939097,0.0408954929552645,0.0408954929552645,0.0433998465475369,0,96,97
58.5,8.96898389273278,2.0625086655,1.77058609334021,0.117948786596831,0.184582868880645,0.0666340822838134,0.0666340822838134,0.0444693032400405,0,96,97
59,9.04416948538671,2.25711358046875,2.15884776629897,0.137967957965267,0.271258244452247,0.133290286486979,0.133290286486979,0.0520169739527568,0,96,97
59.5,9.11935317347124,2.2876110388125,2.38226846751546,0.138504326942872,0.313729566943923,0.175225240001051,0.175225240001051,0.0522191969293712,0,96,97
60,9.19453500370736,1.94049499959376,2.1760451145464,0.138124601236796,0.299471045745398,0.161346444508601,0.161346444508601,0.0520760319332849,0,96,97
60.5,9.2697150212992,1.3585160453021,1.62201592863918,0.190985720702501,0.273298614113032,0.0823128934105311,0.0823128934105311,0.0720058440064138,0,96,97
61,9.34489326999512,1.05435522708333,1.11267815686598,0.167805028790347,0.203654377886338,0.0358493490959915,0.0358493490959915,0.0632662100712288,0,96,97
61.5,9.42006979214592,1.18206843996874,0.921121217309274,0.161036998405704,0.134181780462441,-0.0268552179432632,0,0.0607145128117966,0,96,97
62,9.49524462876023,1.20945010033334,0.837151521731962,0.150519144136857,0.148646459567752,-0.0018726845691053,0,0.0567490489489538,0,96,97
62.5,9.5704178195573,0.854384112510432,0.626987832288665,0.165943912253642,0.15639811451668,-0.00954579773696196,0,0.0625645279427074,0,96,97
63,9.64558940301732,0.608945727562503,0.491906891103094,0.209231311378885,0.144092273896192,-0.0651390374826931,0,0.078884835541572,0,96,97
63.5,9.72075941642936,0.877659030437491,0.603147288206184,0.15046051818469,0.174187987248095,0.0237274690634049,0.0237274690634049,0.0567269456673526,0,96,97
64,9.79592789593717,1.20876926252083,0.748160093825888,0.164556031330962,0.21801897452352,0.0534629431925576,0.0534629431925576,0.0620412661153291,0,96,97
64.5,9.87109487658284,1.13069456903125,0.711454801720506,0.142920961985928,0.234069655752823,0.0911486937668954,0.0911486937668954,0.0538843660989496,0,96,97
65,9.94626039234847,0.841409002625004,0.560909716810997,0.105058988485731,0.198683140141694,0.093624151655963,0.093624151655963,0.0396095640477695,0,96,97
65.5,10.021424476196,0.645288996822919,0.469402711509736,0.0934518353408793,0.166431208585911,0.0729793732450314,0.0729793732450314,0.0352334103979968,0,96,97
66,10.0965871601051,0.625067301020832,0.548079657321876,0.0956771426236176,0.172309475248366,0.0766323326247481,0.0766323326247481,0.0360724004988159,0,96,97
66.5,10.1717484751099,0.864758835437494,0.840766778587624,0.123708914341743,0.165380170570839,0.0416712562290967,0.0416712562290967,0.0466409988952523,0,96,97
67,10.246908451333,1.25422184830207,1.18007787106987,0.143404379690178,0.16417067834847,0.020766298658292,0.020766298658292,0.0540666252734792,0,96,97
67.5,10.3220671180195,1.38560414434375,1.20975433296449,0.152286451528479,0.195595785950964,0.0433093344224856,0.0433093344224856,0.0574153629533955,0,96,97
68,10.3972245035682,1.09756221756251,0.872179593219927,0.163748175715515,0.211998223347509,0.0482500476319941,0.0482500476319941,0.0617366866671295,0,96,97
68.5,10.4723806355623,0.847432789072925,0.744148913877428,0.216617423972185,0.274247557754785,0.0576301337826001,0.0576301337826001,0.081669563474376,0,96,97
69,10.5475355407981,1.25257750984373,1.39907582138029,0.177700422590105,0.171735714268809,-0.00596470832129636,0,0.0669969925596085,0,96,97
69.5,10.6226892453135,2.32324667754164,2.57609707008934,0.247349624319581,0.254466347905527,0.00711672358594587,0.00711672358594587,0.0932562832356688,0,96,97
70,10.6978417744141,3.15113497478124,3.33190740060252,0.245796849341124,0.30778346599856,0.0619866166574354,0.0619866166574354,0.0926708526994773,0,96,97
70.5,10.772993152699,2.87887849145835,2.98336041151777,0.240865955345202,0.284812824289063,0.0439468689438611,0.0439468689438611,0.0908117965219968,0,96,97
71,10.8481434040853,1.90079568792711,2.09114451871134,0.235168255141106,0.318880629172837,0.0837123740317313,0.0837123740317313,0.0886636374314514,0,96,97
71.5,10.9232925518316,1.35467104953126,1.90898990324512,0.336514811427834,0.344166051353804,0.00765123992597011,0.00765123992597011,0.126873532368763,0,96,97
72,10.9984406185604,1.75709445352082,2.62821378129438,0.204278706278316,0.218618847024372,0.0143401407460567,0.0143401407460567,0.0770175937970832,0,96,97
72.5,11.0735876262799,2.58533051605206,3.33579738814776,0.167397752945156,0.2390999450625,0.0717021921173444,0.0717021921173444,0.063112658062898,0,96,97
73,11.1487335964046,3.00658110175,3.38394164657732,0.201565772138762,0.232406598071801,0.0308408259330398,0.0308408259330398,0.0759947575780514,0,96,97
73.5,11.223878549775,2.71320390857293,2.84955939823712,0.160152040433056,0.213539180786449,0.0533871403533924,0.0533871403533924,0.0603808640683392,0,96,97
74,11.2990225066773,2.07052011695835,2.12607976185568,0.13692899546348,0.170249216260576,0.0333202207970959,0.0333202207970959,0.0516252620930586,0,96,97
74.5,11.374165486861,1.36735406516668,1.43490223801031,0.125389938168955,0.14234089253341,0.0169509543644551,0.0169509543644551,0.0472747820861006,0,96,97
75,11.4493075095571,0.775786807416677,0.913042029237116,0.159825595088889,0.16451725939842,0.00469166430953102,0.00469166430953102,0.0602577869480067,0,96,97
75.5,11.5244485934946,0.679376702687502,0.867971896474226,0.205433696922332,0.20903048843458,0.00359679151224729,0.00359679151224729,0.0774530508345833,0,96,97
76,11.5995887569172,1.1551517131354,1.34514338957731,0.108397857738217,0.129137141830843,0.0207392840926259,0.0207392840926259,0.0408683916589021,0,96,97
76.5,11.6747280175985,1.96504139098956,1.99765575931958,0.123195942219602,0.145720437314725,0.0225244950951222,0.0225244950951222,0.046447597051017,0,96,97
77,11.7498663928574,2.77403016291665,2.57888114431958,0.134373074778881,0.163794547163901,0.0294214723850201,0.0294214723850201,0.0506616234218998,0,96,97
77.5,11.8250038995723,3.29593238699999,2.99208850477319,0.149563311958377,0.183569971185679,0.0340066592273014,0.0340066592273014,0.0563886790611592,0,96,97
78,11.9001405541951,3.32789462420834,3.10209529334021,0.161018338668323,0.224303125027291,0.0632847863589673,0.0632847863589673,0.0607074776777872,0,96,97
78.5,11.9752763727648,2.75900382139585,2.87579982617526,0.138531078025383,0.228441911881319,0.0899108338559364,0.0899108338559364,0.0522292826795895,0,96,97
79,12.0504113709201,1.92934718468752,2.38153743070104,0.118046528839382,0.203874758915678,0.0858282300762966,0.0858282300762966,0.044506154228921,0,96,97
79.5,12.1255455639118,1.14932359451044,1.66693274697939,0.110100954921453,0.162065392891284,0.0519644379698307,0.0519644379698307,0.0415104969935458,0,96,97
80,12.2006789666149,0.586422020854176,1.01901206176289,0.130365793553615,0.17056762180745,0.0402018282538352,0.0402018282538352,0.0491507897023163,0,96,97
80.5,12.2758115935404,0.5085302121875,0.897485313587626,0.148674634959749,0.208004754325088,0.0593301193653396,0.0593301193653396,0.0560536281625895,0,96,97
81,12.3509434588456,0.844043752437489,1.28218618037113,0.101937316577029,0.165938874037496,0.0640015574604674,0.0640015574604674,0.0384326246427167,0,96,97
81.5,12.4260745763455,1.29217392114582,1.70115958631958,0.107964364579124,0.172508486833541,0.0645441222544171,0.0645441222544171,0.0407049551429326,0,96,97
82,12.5012049595229,1.61652848635416,1.89925557332989,0.112061578841211,0.197147452512578,0.0850858736713669,0.0850858736713669,0.0422496956079869,0,96,97
82.5,12.5763346215382,1.72790549839583,1.95183660375257,0.115112975434794,0.243587560684819,0.128474585250024,0.128474585250024,0.0434001396637575,0,96,97
83,12.651463575239,1.65324533495834,1.94218088669072,0.11544295345401,0.306818801883004,0.191375848428994,0.191375848428994,0.0435245486807763,0,96,97
83.5,12.7265918331696,1.41674027811459,1.80013233852577,0.105380745598566,0.34417366702917,0.238792921430605,0.238792921430605,0.0397308736011201,0,96,97
84,12.8017194075796,1.08910041400001,1.42571591758764,0.0985750473850987,0.298277345171612,0.199702297786514,0.199702297786514,0.0371649747364768,0,96,97
84.5,12.8768463104325,0.708733964718761,0.913488270994857,0.102467210748464,0.210306895291068,0.107839684542603,0.107839684542603,0.0386324064740911,0,96,97
85,12.9519725534144,0.498493729104167,0.676832735190724,0.183941102402277,0.235680511658727,0.0517394092564503,0.0517394092564503,0.0693498669807763,0,96,97
85.5,13.0270981479415,0.821138516989573,1.07796053467525,0.135139755331312,0.23074107125219,0.095601315920878,0.095601315920878,0.0509506789599686,0,96,97
86,13.1022231051681,1.50107580229165,1.85561994507731,0.11977774821286,0.296615937779181,0.176838189566321,0.176838189566321,0.045158862251746,0,96,97
86.5,13.1773474359941,2.18309354522915,2.49970906205669,0.121626764841554,0.29464609232948,0.173019327487925,0.173019327487925,0.0458559824471267,0,96,97
87,13.2524711510722,2.65003567785416,2.78935421439691,0.123359795071713,0.294834810570117,0.171475015498404,0.171475015498404,0.046509373203002,0,96,97
87.5,13.3275942608147,2.74422755940625,2.69763232245877,0.125602769850916,0.252795705399115,0.127192935548199,0.127192935548199,0.0473550243410427,0,96,97
88,13.4027167754004,2.54721150708334,2.33558611851031,0.135300293096601,0.221272535128326,0.0859722420317254,0.0859722420317254,0.0510112052508453,0,96,97
88.5,13.4778387047813,2.19128838018751,1.9027022287165,0.142490063961223,0.20284664644319,0.0603565824819675,0.0603565824819675,0.0537219080060856,0,96,97
89,13.5529600586883,1.79558101640626,1.51784277785052,0.13506937522335,0.173195362693198,0.0381259874698474,0.0381259874698474,0.050924144101465,0,96,97
89.5,13.6280808466379,1.36931628804168,1.15047060376805,0.118055859981895,0.141853012096285,0.0237971521143891,0.0237971521143891,0.0445096722761853,0,96,97
90,13.703201077938,0.997556653947923,0.807877568469073,0.120275907430429,0.134641255093918,0.0143653476634893,0.0143653476634893,0.0453466793030872,0,96,97
90.5,13.778320761693,0.941585490677083,0.731462810757727,0.128764043552745,0.18389692974492,0.0551328861921754,0.0551328861921754,0.0485468944986556,0,96,97
91,13.8534399068102,1.20275301420833,1.06023397053092,0.111740739496265,0.119718206168072,0.0079774666718069,0.0079774666718069,0.0421287320734444,0,96,97
91.5,13.9285585220043,1.47867129808333,1.48168253907731,0.131278602797548,0.137385713908808,0.00610711111126003,0.00610711111126003,0.0494949389915118,0,96,97
92,14.0036766158034,1.45387376218751,1.56983729261341,0.115424328410017,0.148521489591981,0.0330971611819639,0.0330971611819639,0.0435175266269416,0,96,97
92.5,14.0787941965532,1.03233412145835,1.19944505432475,0.129734479836868,0.147480025317847,0.0177455454809788,0.0177455454809788,0.0489127704575268,0,96,97
93,14.1539112724222,0.672684028614587,0.760780234314436,0.253495949203124,0.224418190647415,-0.0290777585557082,0,0.0955735837602799,0,96,97
93.5,14.2290278514064,0.973636739708322,0.838269858561851,0.203368296487594,0.218094402160372,0.0147261056727779,0.0147261056727779,0.0766743491548581,0,96,97
94,14.3041439413339,1.62961965978124,1.33983563202577,0.146212755167696,0.153033733539396,0.00682097837170009,0.00682097837170009,0.0551254449894338,0,96,97
94.5,14.379259549869,1.97470810532291,1.65983163423196,0.132285146625294,0.167578789248429,0.0352936426231356,0.0352936426231356,0.0498744282935375,0,96,97
95,14.4543746845168,1.84766375827084,1.54139610914949,0.11670843878897,0.143822288436042,0.0271138496470726,0.0271138496470726,0.0440016646624649,0,96,97
95.5,14.529489352627,1.3396646529896,1.13754428430413,0.105278825758543,0.13389733282378,0.0286185070652364,0.0286185070652364,0.0396924475655254,0,96,97
96,14.604603561398,0.747691574000013,0.690785474881446,0.0969871656682314,0.118520677583947,0.0215335119157151,0.0215335119157151,0.0365663081828474,0,96,97
96.5,14.6797173178812,0.409861818031258,0.419257471716499,0.122379082215442,0.122001424431395,-0.000377657784046789,0,0.0461396227489681,0,96,97
97,14.7548306289839,0.41728239233333,0.444039449025772,0.0904537033768891,0.121288831295885,0.0308351279189958,0.0308351279189958,0.0341030482865487,0,96,97
97.5,14.8299435014736,0.67179277922916,0.71355315100515,0.0956086831928955,0.118062419589378,0.0224537363964826,0.0224537363964826,0.0360465897781441,0,96,97
98,14.9050559419816,1.01095422320832,1.08391431357216,0.0962507320799793,0.115141623299143,0.0188908912191638,0.0188908912191638,0.0362886564197642,0,96,97
98.5,14.9801679570057,NaN,NaN,NaN,NaN,NaN,NaN,NaN,0,0,0
99,15.0552795529143,NaN,NaN,NaN,NaN,NaN,NaN,NaN,0,0,0
99.5,15.1303907359493,NaN,NaN,NaN,NaN,NaN,NaN,NaN,0,0,0
100,15.2055015122291,NaN,NaN,NaN,NaN,NaN,NaN,NaN,0,0,0
