FRAME,RX_TS,FP_INDEX,FP_INT,RXPACC,RXPWR,STD_NOISE,NTM,NOISE_THRESH,PEAK_IDX,PEAK_AMPL,START,elapsed_s,tag_anchor_dist_m,n_samples,aligned_csv
1,2711962041,751.1094,751,904,-59.99,116,13,1508,753,17737,701,0.3973571,1,150,02_lde_aligned\frame_0001_aligned.csv
2,9101877477,747.1719,747,871,-59.61,112,13,1456,749,17114,697,0.4915417,1,150,02_lde_aligned\frame_0002_aligned.csv
3,15491670561,752.3594,752,877,-59.68,132,13,1716,754,17051,702,0.5870228,1,150,02_lde_aligned\frame_0003_aligned.csv
4,21881387334,748.6875,748,923,-59.41,120,13,1560,750,17709,698,0.6970718,1,150,02_lde_aligned\frame_0004_aligned.csv
5,28271132765,745.4219,745,885,-59.74,120,13,1560,747,17202,695,0.7919528,1,150,02_lde_aligned\frame_0005_aligned.csv
6,34661048155,749.0156,749,864,-59.49,112,13,1456,751,16896,699,0.8872215,1,150,02_lde_aligned\frame_0006_aligned.csv
7,41050841142,752.6875,752,1022,-60.88,140,13,1820,755,18894,702,0.9983836,1,150,02_lde_aligned\frame_0007_aligned.csv
8,47440557809,748.3594,748,914,-60.51,132,13,1716,750,17360,698,1.0947711,1,150,02_lde_aligned\frame_0008_aligned.csv
9,53830303116,750.0312,750,946,-60.31,124,13,1612,752,18222,700,1.1895649,1,150,02_lde_aligned\frame_0009_aligned.csv
10,60220218390,752.1875,752,870,-59.81,108,13,1404,754,16691,702,1.2843962,1,150,02_lde_aligned\frame_0010_aligned.csv
11,66610011256,746.2187,746,1076,-60.98,148,13,1924,749,18951,696,1.3961699,1,150,02_lde_aligned\frame_0011_aligned.csv
12,72999727807,747.3281,747,859,-59.46,112,13,1456,749,16731,697,1.4915107,1,150,02_lde_aligned\frame_0012_aligned.csv
13,79389473006,748.0625,748,870,-59.48,128,13,1664,750,17057,698,1.5873622,1,150,02_lde_aligned\frame_0013_aligned.csv
14,85779388670,747.9375,747,881,-59.46,120,13,1560,750,17362,697,1.6975531,1,150,02_lde_aligned\frame_0014_aligned.csv
15,92169105139,747.8906,747,1028,-61.08,128,13,1664,750,17918,697,1.7945556,1,150,02_lde_aligned\frame_0015_aligned.csv
16,98558897363,747.2656,747,871,-59.61,108,13,1404,749,17006,697,1.8880096,1,150,02_lde_aligned\frame_0016_aligned.csv
17,104948642455,745.9531,745,998,-59.92,124,13,1612,748,18707,695,1.9850692,1,150,02_lde_aligned\frame_0017_aligned.csv
18,111338558018,753.75,753,898,-59.65,116,13,1508,756,17500,703,2.099442,1,150,02_lde_aligned\frame_0018_aligned.csv
19,117728274388,751.1562,751,898,-59.8,120,13,1560,753,17589,701,2.1923727,1,150,02_lde_aligned\frame_0019_aligned.csv
20,124118019402,749.375,749,1047,-61,132,13,1716,752,18999,699,2.2887449,1,150,02_lde_aligned\frame_0020_aligned.csv
21,130507934389,746.2969,746,944,-61,120,13,1560,749,17668,696,2.3842504,1,150,02_lde_aligned\frame_0021_aligned.csv
22,136897726977,752.1094,752,991,-61.5,140,13,1820,755,17729,702,2.4954631,1,150,02_lde_aligned\frame_0022_aligned.csv
23,143287443250,748.375,748,874,-59.81,124,13,1612,750,17082,698,2.5906116,1,150,02_lde_aligned\frame_0023_aligned.csv
24,149677188173,753.1719,753,857,-59.75,108,13,1404,755,16389,703,2.6868197,1,150,02_lde_aligned\frame_0024_aligned.csv
25,156067103572,749.4062,749,1042,-60.96,136,13,1768,752,18911,699,2.7969377,1,150,02_lde_aligned\frame_0025_aligned.csv
26,162456819782,752.8125,752,947,-59.58,124,13,1612,755,18010,702,2.893879,1,150,02_lde_aligned\frame_0026_aligned.csv
27,168846564639,748.3281,748,872,-59.61,108,13,1404,750,16850,698,2.989899,1,150,02_lde_aligned\frame_0027_aligned.csv
28,175236479461,751.2969,751,1021,-60.51,124,13,1612,753,18941,701,3.0849792,1,150,02_lde_aligned\frame_0028_aligned.csv
29,181626271890,746.875,746,864,-59.55,112,13,1456,749,16918,696,3.1876919,1,150,02_lde_aligned\frame_0029_aligned.csv
30,188015988020,748.9062,748,1039,-61.18,132,13,1716,751,17654,698,3.2908495,1,150,02_lde_aligned\frame_0030_aligned.csv
31,194405732796,751.4062,751,945,-60.91,124,13,1612,754,17938,701,3.3880524,1,150,02_lde_aligned\frame_0031_aligned.csv
32,200795648046,753.0625,753,1070,-60.49,132,13,1716,755,19027,703,3.4982109,1,150,02_lde_aligned\frame_0032_aligned.csv
33,207185364116,746.4062,746,931,-60.17,124,13,1612,748,18066,696,3.5943995,1,150,02_lde_aligned\frame_0033_aligned.csv
34,213575108823,748.2031,748,876,-59.85,116,13,1508,750,17099,698,3.6910404,1,150,02_lde_aligned\frame_0034_aligned.csv
35,219965023510,748.3125,748,864,-59.52,112,13,1456,750,16890,698,3.7837999,1,150,02_lde_aligned\frame_0035_aligned.csv
36,226354815816,749.2187,749,900,-60.02,116,13,1508,751,17658,699,3.8981878,1,150,02_lde_aligned\frame_0036_aligned.csv
37,232744531798,749.4375,749,1029,-61.06,132,13,1716,752,18880,699,3.9934755,1,150,02_lde_aligned\frame_0037_aligned.csv
38,239134276468,750.2812,750,924,-60.85,120,13,1560,753,17302,700,4.0878578,1,150,02_lde_aligned\frame_0038_aligned.csv
39,245524191599,749.8281,749,1036,-60.28,124,13,1612,751,18829,699,4.1987029,1,150,02_lde_aligned\frame_0039_aligned.csv
40,251913907553,749.4844,749,999,-60.96,144,13,1872,752,18645,699,4.2933262,1,150,02_lde_aligned\frame_0040_aligned.csv
41,258303652145,748.7344,748,946,-59.65,124,13,1612,750,18003,698,4.3894869,1,150,02_lde_aligned\frame_0041_aligned.csv
42,264693566716,748.4062,748,865,-59.52,112,13,1456,750,16837,698,4.4915355,1,150,02_lde_aligned\frame_0042_aligned.csv
43,271083358890,747.125,747,969,-60.16,120,13,1560,749,18500,697,4.5995309,1,150,02_lde_aligned\frame_0043_aligned.csv
44,277473074762,753.25,753,945,-61.05,136,13,1768,756,17564,703,4.6925976,1,150,02_lde_aligned\frame_0044_aligned.csv
45,283862819276,751.9062,751,941,-60.19,132,13,1716,754,18226,701,4.7871937,1,150,02_lde_aligned\frame_0045_aligned.csv
46,290252734281,749.8594,749,1075,-60.6,136,13,1768,751,19011,699,4.8991197,1,150,02_lde_aligned\frame_0046_aligned.csv
47,296642450082,747,747,863,-59.52,116,13,1508,749,16865,697,4.9950197,1,150,02_lde_aligned\frame_0047_aligned.csv
48,303032194553,752.3594,752,981,-60.36,132,13,1716,754,18578,702,5.0940701,1,150,02_lde_aligned\frame_0048_aligned.csv
49,309422109484,748.9062,748,1019,-60.08,132,13,1716,750,18562,698,5.1892023,1,150,02_lde_aligned\frame_0049_aligned.csv
50,315811825238,745.4375,745,914,-60.63,116,13,1508,748,17476,695,5.283424,1,150,02_lde_aligned\frame_0050_aligned.csv
51,322201616744,749.7187,749,916,-60.1,124,13,1612,752,17795,699,5.3946607,1,150,02_lde_aligned\frame_0051_aligned.csv
52,328591361133,745.4219,745,877,-60.09,112,13,1456,747,17081,695,5.4890158,1,150,02_lde_aligned\frame_0052_aligned.csv
53,334981275998,750.3125,750,886,-59.75,124,13,1612,752,17310,700,5.584745,1,150,02_lde_aligned\frame_0053_aligned.csv
54,341370991675,752.8906,752,983,-60.47,128,13,1664,755,18648,702,5.6867236,1,150,02_lde_aligned\frame_0054_aligned.csv
55,347760736013,748.1719,748,910,-60.15,124,13,1612,750,17806,698,5.7977371,1,150,02_lde_aligned\frame_0055_aligned.csv
56,354150650831,751.5781,751,1017,-60.41,120,13,1560,753,18907,701,5.8927642,1,150,02_lde_aligned\frame_0056_aligned.csv
57,360540366473,746.2344,746,871,-59.79,120,13,1560,748,16792,696,5.9871195,1,150,02_lde_aligned\frame_0057_aligned.csv
58,366930110769,749.8594,749,868,-60.02,124,13,1612,752,16542,699,6.0984354,1,150,02_lde_aligned\frame_0058_aligned.csv
59,373320025559,752.2031,752,1061,-60.57,128,13,1664,754,19299,702,6.1938193,1,150,02_lde_aligned\frame_0059_aligned.csv
60,379709741160,745.4687,745,945,-59.98,124,13,1612,747,18232,695,6.298519,1,150,02_lde_aligned\frame_0060_aligned.csv
61,386099485422,748.0625,748,944,-60.52,120,13,1560,750,18050,698,6.3958067,1,128,02_lde_aligned\frame_0061_aligned.csv
62,392489400155,750.5156,750,1039,-60.72,128,13,1664,752,19040,700,6.4866042,1,150,02_lde_aligned\frame_0062_aligned.csv
63,398879115710,751.4375,751,875,-59.84,124,13,1612,753,17064,701,6.598142,1,150,02_lde_aligned\frame_0063_aligned.csv
64,405268859917,752.4219,752,1022,-60.61,124,13,1612,754,18767,702,6.693428,1,150,02_lde_aligned\frame_0064_aligned.csv
65,411658774606,745.4375,745,887,-60.4,124,13,1612,747,17090,695,6.788136,1,150,02_lde_aligned\frame_0065_aligned.csv
66,418048490115,746.2656,746,857,-59.64,120,13,1560,748,16549,696,6.8886436,1,150,02_lde_aligned\frame_0066_aligned.csv
67,424438234294,747.3125,747,881,-59.71,128,13,1664,749,17236,697,6.9840465,1,150,02_lde_aligned\frame_0067_aligned.csv
68,430828148947,748.1406,748,1070,-60.83,140,13,1820,750,18745,698,7.0949699,1,150,02_lde_aligned\frame_0068_aligned.csv
69,437217864418,747.75,747,1087,-60.92,132,13,1716,749,19295,697,7.1914226,1,150,02_lde_aligned\frame_0069_aligned.csv
70,443607608557,748.4219,748,892,-60.17,108,13,1404,750,17300,698,7.2861623,1,150,02_lde_aligned\frame_0070_aligned.csv
71,449997523152,747.8437,747,906,-59.82,116,13,1508,750,17758,697,7.3983644,1,111,02_lde_aligned\frame_0071_aligned.csv
72,456387238585,747.2344,747,931,-60.98,124,13,1612,750,17365,697,7.4921663,1,150,02_lde_aligned\frame_0072_aligned.csv
73,462776982663,746.3281,746,901,-59.76,120,13,1560,748,17627,696,7.5883945,1,146,02_lde_aligned\frame_0073_aligned.csv
74,469166897223,746.2031,746,857,-59.79,120,13,1560,748,16389,696,7.6833187,1,150,02_lde_aligned\frame_0074_aligned.csv
75,475556612596,752.6562,752,889,-59.42,124,13,1612,755,17283,702,7.7929603,1,250,02_lde_aligned\frame_0075_aligned.csv
77,488336271148,748.5312,748,865,-59.55,104,13,1352,751,16825,698,7.9978833,1,150,02_lde_aligned\frame_0077_aligned.csv
78,494725986477,747.1719,747,954,-61.04,132,13,1716,749,17656,697,8.0978585,1,150,02_lde_aligned\frame_0078_aligned.csv
79,501115730441,752.3594,752,950,-60.1,128,13,1664,754,18239,702,8.1946155,1,150,02_lde_aligned\frame_0079_aligned.csv
80,507505644384,749.3437,749,866,-59.61,116,13,1508,751,16906,699,8.2882719,1,150,02_lde_aligned\frame_0080_aligned.csv
81,513895435921,746.8594,746,938,-60.2,124,13,1612,749,18180,696,8.398229,1,85,02_lde_aligned\frame_0081_aligned.csv
82,520285151155,751.1406,751,868,-59.65,124,13,1612,753,16818,701,8.49337,1,150,02_lde_aligned\frame_0082_aligned.csv
83,526674895028,747.0312,747,865,-59.52,116,13,1508,749,16982,697,8.5882816,1,150,02_lde_aligned\frame_0083_aligned.csv
84,533064809397,751.2969,751,906,-60.03,128,13,1664,753,17720,701,8.686209,1,150,02_lde_aligned\frame_0084_aligned.csv
85,539454541456,747.0937,747,1033,-60.96,128,13,1664,750,18132,697,8.7850014,1,150,02_lde_aligned\frame_0085_aligned.csv
86,545844315480,750.3437,750,936,-60.96,136,13,1768,753,17619,700,8.8948081,1,150,02_lde_aligned\frame_0086_aligned.csv
87,552234059781,753.1719,753,1023,-61.29,136,13,1768,756,18333,703,8.9881453,1,150,02_lde_aligned\frame_0087_aligned.csv
88,558623973544,746.9687,746,1009,-61.41,132,13,1716,749,18070,696,9.0838691,1,150,02_lde_aligned\frame_0088_aligned.csv
89,565013764920,749.3437,749,872,-59.75,128,13,1664,751,17051,699,9.1943962,1,150,02_lde_aligned\frame_0089_aligned.csv
90,571403479992,751.8437,751,1086,-60.76,140,13,1820,753,19202,701,9.2989182,1,150,02_lde_aligned\frame_0090_aligned.csv
91,577793223724,753.4062,753,876,-59.7,124,13,1612,755,16917,703,9.3939574,1,150,02_lde_aligned\frame_0091_aligned.csv
92,584183015041,746.9844,746,892,-59.68,124,13,1612,749,17546,696,9.4889989,1,150,02_lde_aligned\frame_0092_aligned.csv
93,590572928724,747.2812,747,927,-60.96,116,13,1508,750,17449,697,9.5995017,1,150,02_lde_aligned\frame_0093_aligned.csv
94,596962643730,749,749,898,-59.83,112,13,1456,751,17652,699,9.6943878,1,150,02_lde_aligned\frame_0094_aligned.csv
95,603352434999,749.5781,749,880,-60.05,108,13,1404,751,16995,699,9.8069581,1,150,02_lde_aligned\frame_0095_aligned.csv
96,609742178634,749.875,749,868,-60.11,128,13,1664,752,16700,699,9.8953808,1,150,02_lde_aligned\frame_0096_aligned.csv
97,616132092764,750.4062,750,873,-59.77,132,13,1716,752,17118,700,9.9975228,1,150,02_lde_aligned\frame_0097_aligned.csv
98,622521807695,749.4531,749,1033,-60.76,128,13,1664,751,18695,699,10.0941164,1,150,02_lde_aligned\frame_0098_aligned.csv
99,628911551289,749.7344,749,935,-59.43,120,13,1560,751,17847,699,10.1915692,1,150,02_lde_aligned\frame_0099_aligned.csv
100,635301342486,749.1875,749,1080,-60.66,132,13,1716,751,19338,699,10.2960961,1,150,02_lde_aligned\frame_0100_aligned.csv
101,641691256031,748.4531,748,879,-59.51,108,13,1404,750,17087,698,10.3909836,1,150,02_lde_aligned\frame_0101_aligned.csv
102,648080970909,747.5469,747,1010,-60.58,128,13,1664,749,18788,697,10.488357,1,150,02_lde_aligned\frame_0102_aligned.csv
103,654470762063,745.3281,745,1081,-60.83,152,13,1976,747,19160,695,10.5835723,1,150,02_lde_aligned\frame_0103_aligned.csv
104,660860505590,752.3125,752,936,-60.97,116,13,1508,755,17613,702,10.6938565,1,150,02_lde_aligned\frame_0104_aligned.csv
105,667250419600,750.5937,750,995,-60.35,124,13,1612,752,18627,700,10.7879979,1,150,02_lde_aligned\frame_0105_aligned.csv
106,673640134426,748.875,748,1006,-60.77,132,13,1716,751,18817,698,10.8847814,1,150,02_lde_aligned\frame_0106_aligned.csv
107,680029877915,747.2656,747,859,-59.8,120,13,1560,749,16638,697,10.9955195,1,143,02_lde_aligned\frame_0107_aligned.csv
108,686419791877,752.5469,752,866,-59.43,112,13,1456,755,16829,702,11.0878591,1,150,02_lde_aligned\frame_0108_aligned.csv
109,692809506657,749.7344,749,914,-60.13,136,13,1768,752,17792,699,11.1921306,1,150,02_lde_aligned\frame_0109_aligned.csv
110,699199250089,747.6094,747,902,-59.51,124,13,1612,749,17500,697,11.2867185,1,150,02_lde_aligned\frame_0110_aligned.csv
111,705589164002,752.25,752,946,-61.32,116,13,1508,755,17616,702,11.3949995,1,150,02_lde_aligned\frame_0111_aligned.csv
112,711978878733,749.1719,749,861,-59.88,116,13,1508,751,16771,699,11.4983565,1,287,02_lde_aligned\frame_0112_aligned.csv
114,724758535988,749.1562,749,948,-60.79,136,13,1768,751,17973,699,11.6971826,1,150,02_lde_aligned\frame_0114_aligned.csv
115,731148250663,752.9531,752,887,-59.73,128,13,1664,755,17405,702,11.784561,1,150,02_lde_aligned\frame_0115_aligned.csv
116,737537994016,748.5937,748,914,-60.27,112,13,1456,751,17728,698,11.895177,1,150,02_lde_aligned\frame_0116_aligned.csv
117,743927907841,753.1094,753,950,-60.41,116,13,1508,755,18231,703,11.9835387,1,150,02_lde_aligned\frame_0117_aligned.csv
118,750317622488,748.0937,748,869,-59.54,108,13,1404,750,17155,698,12.0941026,1,150,02_lde_aligned\frame_0118_aligned.csv
119,756707365797,751.1719,751,957,-61.12,132,13,1716,753,17614,701,12.1890211,1,150,02_lde_aligned\frame_0119_aligned.csv
120,763097279580,746.0312,746,997,-61.44,124,13,1612,748,17751,696,12.2839206,1,150,02_lde_aligned\frame_0120_aligned.csv
121,769486994184,748.9687,748,903,-59.85,132,13,1716,751,17697,698,12.3969654,1,150,02_lde_aligned\frame_0121_aligned.csv
122,775876737440,751.0937,751,1083,-60.84,144,13,1872,753,19185,701,12.4939679,1,150,02_lde_aligned\frame_0122_aligned.csv
123,782266651179,752.8906,752,1002,-60.81,128,13,1664,755,18841,702,12.5881675,1,150,02_lde_aligned\frame_0123_aligned.csv
124,788656365731,747.3906,747,991,-61.27,124,13,1612,750,18423,697,12.6996654,1,150,02_lde_aligned\frame_0124_aligned.csv
125,795046108937,749.1094,749,1005,-60.34,144,13,1872,751,18817,699,12.793626,1,150,02_lde_aligned\frame_0125_aligned.csv
126,801436022624,750.0937,750,875,-60.07,116,13,1508,752,17093,700,12.8884139,1,150,02_lde_aligned\frame_0126_aligned.csv
127,807825737125,750.9219,750,974,-60.59,136,13,1768,753,18573,700,12.989018,1,150,02_lde_aligned\frame_0127_aligned.csv
128,814215480288,752.7187,752,977,-59.88,112,13,1456,754,18396,702,13.0938602,1,150,02_lde_aligned\frame_0128_aligned.csv
129,820605271053,753.4219,753,951,-60.98,128,13,1664,756,18006,703,13.1854697,1,150,02_lde_aligned\frame_0129_aligned.csv
130,826995184181,753.1719,753,1006,-61.36,112,13,1456,756,18057,703,13.2959098,1,150,02_lde_aligned\frame_0130_aligned.csv
131,833384898629,745.2969,745,889,-59.77,116,13,1508,747,17410,695,13.3907936,1,150,02_lde_aligned\frame_0131_aligned.csv
132,839774642264,745.3437,745,886,-60.2,124,13,1612,747,17419,695,13.4935094,1,150,02_lde_aligned\frame_0132_aligned.csv
133,846164555346,745.5,745,932,-60.57,152,13,1976,748,17813,695,13.5988175,1,150,02_lde_aligned\frame_0133_aligned.csv
134,852554269745,746.1094,746,866,-60.07,124,13,1612,748,16703,696,13.6964788,1,140,02_lde_aligned\frame_0134_aligned.csv
135,858944060436,753.1562,753,907,-60.19,152,13,1976,755,17768,703,13.7880575,1,150,02_lde_aligned\frame_0135_aligned.csv
136,865333803470,752.6875,752,1003,-60.31,148,13,1924,755,18782,702,13.9004604,1,150,02_lde_aligned\frame_0136_aligned.csv
137,871723717002,751,751,937,-59.99,124,13,1612,753,18137,701,13.9936565,1,150,02_lde_aligned\frame_0137_aligned.csv
138,878113431341,749.2969,749,880,-58.12,140,13,1820,751,17186,699,14.0898113,1,150,02_lde_aligned\frame_0138_aligned.csv
139,884503174317,748.0469,748,862,-60.53,112,13,1456,750,16851,698,14.1935932,1,150,02_lde_aligned\frame_0139_aligned.csv
140,890892964915,753.6406,753,1101,-60.92,136,13,1768,756,19275,703,14.2880621,1,150,02_lde_aligned\frame_0140_aligned.csv
141,897282877855,751.0781,751,902,-58.03,140,13,1820,753,17699,701,14.3840682,1,150,02_lde_aligned\frame_0141_aligned.csv
142,903672668408,749.0937,749,887,-58.28,148,13,1924,751,17431,699,14.4949016,1,135,02_lde_aligned\frame_0142_aligned.csv
143,910062382641,745.8594,745,894,-61.48,116,13,1508,748,17656,695,14.5907014,1,150,02_lde_aligned\frame_0143_aligned.csv
144,916452125536,750.2187,750,869,-59.37,124,13,1612,752,16924,700,14.6851592,1,139,02_lde_aligned\frame_0144_aligned.csv
145,922841916027,746.6406,746,1001,-61.55,152,13,1976,748,18713,696,14.7835176,1,150,02_lde_aligned\frame_0145_aligned.csv
146,929231828877,750.5469,750,1051,-61.67,144,13,1872,753,19189,700,14.8943554,1,283,02_lde_aligned\frame_0146_aligned.csv
148,942011333490,750.75,750,855,-58.47,112,13,1456,753,16638,700,15.0935256,1,150,02_lde_aligned\frame_0148_aligned.csv
149,948401076315,746.3906,746,898,-59.54,128,13,1664,748,17582,696,15.1962521,1,150,02_lde_aligned\frame_0149_aligned.csv
150,954790866724,749.2812,749,996,-60.79,112,13,1456,752,18040,699,15.2907143,1,150,02_lde_aligned\frame_0150_aligned.csv
151,961180779489,752.1094,752,859,-60.07,124,13,1612,754,16723,702,15.3853625,1,150,02_lde_aligned\frame_0151_aligned.csv
152,967570569855,746.4531,746,938,-59.04,104,13,1352,748,17444,696,15.488666,1,150,02_lde_aligned\frame_0152_aligned.csv
153,973960300805,749.0469,749,864,-59.68,108,13,1404,751,16811,699,15.5836078,1,150,02_lde_aligned\frame_0153_aligned.csv
154,980350074230,741.9375,741,892,-58.93,116,13,1508,747,17265,691,15.6965917,1,150,02_lde_aligned\frame_0154_aligned.csv
155,986739816909,751.5469,751,877,-58.25,108,13,1404,753,16940,701,15.7902071,1,150,02_lde_aligned\frame_0155_aligned.csv
156,993129730073,753.1094,753,968,-61.33,160,13,2080,756,17633,703,15.8853572,1,150,02_lde_aligned\frame_0156_aligned.csv
157,999519460947,745.8906,745,883,-59.74,108,13,1404,748,17383,695,15.9840677,1,150,02_lde_aligned\frame_0157_aligned.csv
158,1005909234306,746.5,746,886,-59.15,108,13,1404,748,17237,696,16.0952429,1,150,02_lde_aligned\frame_0158_aligned.csv
159,1012298976948,748.2812,748,874,-57.49,136,13,1768,750,17081,698,16.1906901,1,150,02_lde_aligned\frame_0159_aligned.csv
160,1018688890063,748.2031,748,948,-57.44,180,13,2340,755,17396,698,16.2872033,1,150,02_lde_aligned\frame_0160_aligned.csv
161,1025078620871,748.4531,748,881,-58.68,104,13,1352,754,17109,698,16.3957545,1,150,02_lde_aligned\frame_0161_aligned.csv
162,1031468394181,748.6719,748,982,-59.79,140,13,1820,750,17248,698,16.4904795,1,150,02_lde_aligned\frame_0162_aligned.csv
163,1037858136764,748.1562,748,868,-59.62,136,13,1768,750,16963,698,16.5881499,1,150,02_lde_aligned\frame_0163_aligned.csv
164,1044248049833,747.4844,747,892,-58.64,108,13,1404,749,17440,697,16.6841354,1,150,02_lde_aligned\frame_0164_aligned.csv
165,1050637763716,747.0312,747,870,-57.95,132,13,1716,749,16816,697,16.7952255,1,150,02_lde_aligned\frame_0165_aligned.csv
166,1057027506259,746.3906,746,969,-61.62,124,13,1612,748,18460,696,16.8885354,1,150,02_lde_aligned\frame_0166_aligned.csv
167,1063417296407,753.2031,753,857,-60.62,112,13,1456,755,16703,703,16.9846909,1,150,02_lde_aligned\frame_0167_aligned.csv
168,1069807209427,752.5156,752,890,-59.56,132,13,1716,755,17293,702,17.0939645,1,150,02_lde_aligned\frame_0168_aligned.csv
169,1076196923260,750.9062,750,1080,-60.64,136,13,1768,753,18401,700,17.1917644,1,150,02_lde_aligned\frame_0169_aligned.csv
170,1082586665757,748.9219,748,1070,-60.67,128,13,1664,750,18660,698,17.2877858,1,150,02_lde_aligned\frame_0170_aligned.csv
171,1088976578737,747.2344,747,961,-60.91,128,13,1664,750,17809,697,17.3983682,1,150,02_lde_aligned\frame_0171_aligned.csv
172,1095366292541,745.9219,745,999,-60.23,116,13,1508,748,18612,695,17.4930943,1,89,02_lde_aligned\frame_0172_aligned.csv
173,2244407233,752.1094,752,906,-59.61,112,13,1456,757,16931,702,17.587685,1,150,02_lde_aligned\frame_0173_aligned.csv
174,8634197294,749.9375,749,932,-58.76,148,13,1924,752,18158,699,17.6989556,1,150,02_lde_aligned\frame_0174_aligned.csv
175,15024109713,747.6094,747,907,-58.61,132,13,1716,750,17569,697,17.7890872,1,150,02_lde_aligned\frame_0175_aligned.csv
176,21413899762,752.875,752,926,-58.92,128,13,1664,758,16411,702,17.8941582,1,150,02_lde_aligned\frame_0176_aligned.csv
177,27803613498,750.5,750,924,-58.51,124,13,1612,752,17291,700,17.9877941,1,150,02_lde_aligned\frame_0177_aligned.csv
178,34193355905,746.6094,746,870,-58.94,144,13,1872,749,16910,696,18.0997778,1,150,02_lde_aligned\frame_0178_aligned.csv
179,40583268801,752.2344,752,901,-57.99,124,13,1612,754,17679,702,18.1953269,1,150,02_lde_aligned\frame_0179_aligned.csv
180,46972982503,748.8281,748,1043,-58.6,144,13,1872,756,18213,698,18.2908634,1,150,02_lde_aligned\frame_0180_aligned.csv
181,53362724874,753.75,753,1070,-59.03,168,13,2184,756,18607,703,18.3946683,1,150,02_lde_aligned\frame_0181_aligned.csv
182,59752637738,749.625,749,918,-58.61,124,13,1612,751,17724,699,18.4887253,1,150,02_lde_aligned\frame_0182_aligned.csv
183,66142351422,746.4375,746,878,-58.56,124,13,1612,748,16884,696,18.5989395,1,150,02_lde_aligned\frame_0183_aligned.csv
184,72532093770,750.5,750,898,-58.47,124,13,1612,752,17454,700,18.693473,1,150,02_lde_aligned\frame_0184_aligned.csv
185,78922006614,745.8125,745,906,-58.88,124,13,1612,748,17704,695,18.8050616,1,150,02_lde_aligned\frame_0185_aligned.csv
186,85311720283,749.8906,749,959,-59.19,116,13,1508,756,17164,699,18.8839389,1,150,02_lde_aligned\frame_0186_aligned.csv
187,91701462623,746.3281,746,909,-58.96,136,13,1768,748,17627,696,18.9951741,1,150,02_lde_aligned\frame_0187_aligned.csv
188,98091375437,750.0469,750,952,-59.06,132,13,1716,752,17313,700,19.0890885,1,150,02_lde_aligned\frame_0188_aligned.csv
189,104481089087,746.0781,746,934,-58.65,112,13,1456,748,18142,696,19.1837175,1,150,02_lde_aligned\frame_0189_aligned.csv
190,110870831403,749.0156,749,1041,-59.51,112,13,1456,750,17659,699,19.2965016,1,150,02_lde_aligned\frame_0190_aligned.csv
191,117260743699,753.6406,753,945,-58.91,108,13,1404,755,18028,703,19.3926522,1,150,02_lde_aligned\frame_0191_aligned.csv
192,123650533620,749.2812,749,859,-58.8,100,13,1300,751,16345,699,19.4854977,1,150,02_lde_aligned\frame_0192_aligned.csv
193,130040247256,752.2187,752,935,-59.18,104,13,1352,754,17471,702,19.5880279,1,150,02_lde_aligned\frame_0193_aligned.csv
194,136429989540,747.2812,747,891,-58.47,120,13,1560,749,17391,697,19.6921888,1,150,02_lde_aligned\frame_0194_aligned.csv
195,142819902312,750.3437,750,876,-59.02,108,13,1404,752,16975,700,19.7865528,1,150,02_lde_aligned\frame_0195_aligned.csv
196,149209615910,745.3125,745,933,-59.2,128,13,1664,747,17507,695,19.8993513,1,150,02_lde_aligned\frame_0196_aligned.csv
197,155599405265,748.2344,748,924,-58.99,108,13,1404,750,17879,698,19.9947615,1,150,02_lde_aligned\frame_0197_aligned.csv
198,161989147500,750.2812,750,860,-59.26,100,13,1300,752,16382,700,20.0890332,1,150,02_lde_aligned\frame_0198_aligned.csv
199,168379060225,752.6094,752,997,-59.93,116,13,1508,755,17599,702,20.193101,1,150,02_lde_aligned\frame_0199_aligned.csv
200,174768773778,747.375,747,926,-59.32,100,13,1300,750,17574,697,20.2897951,1,150,02_lde_aligned\frame_0200_aligned.csv
201,181158515975,749.7031,749,927,-59.5,104,13,1352,752,17847,699,20.3850292,1,150,02_lde_aligned\frame_0201_aligned.csv
202,187548428665,750.3594,750,899,-58.96,96,13,1248,752,17523,700,20.4887868,1,150,02_lde_aligned\frame_0202_aligned.csv
203,193938142160,752.8437,752,874,-59.69,92,13,1196,755,16940,702,20.6003288,1,150,02_lde_aligned\frame_0203_aligned.csv
204,200327884308,745.6562,745,876,-59.48,100,13,1300,748,17160,695,20.6942815,1,150,02_lde_aligned\frame_0204_aligned.csv
205,206717796443,746.5156,746,868,-59.43,100,13,1300,752,16863,696,20.7885728,1,150,02_lde_aligned\frame_0205_aligned.csv
206,213107586186,746.625,746,860,-59.34,96,13,1248,749,16596,696,20.8899711,1,150,02_lde_aligned\frame_0206_aligned.csv
207,219497299631,748.3281,748,990,-59.91,108,13,1404,754,18603,698,20.9866751,1,150,02_lde_aligned\frame_0207_aligned.csv
208,225887041744,748.3437,748,870,-59.18,96,13,1248,750,17014,698,21.0970186,1,150,02_lde_aligned\frame_0208_aligned.csv
209,232276954343,748.3281,748,881,-58.83,96,13,1248,750,17103,698,21.190818,1,146,02_lde_aligned\frame_0209_aligned.csv
210,238666667763,748.3906,748,925,-60,96,13,1248,754,17201,698,21.2852138,1,150,02_lde_aligned\frame_0210_aligned.csv
211,245056409834,749.25,749,870,-58.39,88,13,1144,751,16628,699,21.4002509,1,150,02_lde_aligned\frame_0211_aligned.csv
212,251446322396,749.1562,749,910,-58.53,100,13,1300,751,17737,699,21.4924545,1,150,02_lde_aligned\frame_0212_aligned.csv
213,257836035784,748.0937,748,963,-59.3,96,13,1248,753,17153,698,21.588008,1,150,02_lde_aligned\frame_0213_aligned.csv
214,264225777830,747.3125,747,972,-59.3,96,13,1248,750,18093,697,21.69802,1,150,02_lde_aligned\frame_0214_aligned.csv
215,270615690359,747.3281,747,886,-59.13,100,13,1300,749,17272,697,21.7927501,1,150,02_lde_aligned\frame_0215_aligned.csv
216,277005403710,745.5625,745,916,-59.56,104,13,1352,748,17761,695,21.8879134,1,150,02_lde_aligned\frame_0216_aligned.csv
217,283395145713,752.8594,752,947,-59.85,108,13,1404,758,17856,702,21.9921168,1,150,02_lde_aligned\frame_0217_aligned.csv
218,289785058204,751.1562,751,887,-59.46,108,13,1404,753,17334,701,22.0852239,1,150,02_lde_aligned\frame_0218_aligned.csv
219,296174771513,750.2344,750,1023,-60.23,120,13,1560,752,18944,700,22.1995542,1,150,02_lde_aligned\frame_0219_aligned.csv
220,302564513482,748.5,748,873,-59.44,112,13,1456,750,16836,698,22.2962594,1,150,02_lde_aligned\frame_0220_aligned.csv
221,308954425941,746.2969,746,898,-59.36,116,13,1508,748,17336,696,22.3849324,1,150,02_lde_aligned\frame_0221_aligned.csv
222,315344139221,751.9219,751,876,-59.58,116,13,1508,754,17235,701,22.4921374,1,150,02_lde_aligned\frame_0222_aligned.csv
223,321733881172,750.1562,750,967,-59.98,132,13,1716,752,17741,700,22.5873986,1,150,02_lde_aligned\frame_0223_aligned.csv
224,328123793608,748.2187,748,858,-59.37,124,13,1612,750,16402,698,22.6901477,1,150,02_lde_aligned\frame_0224_aligned.csv
225,334513506863,745.7031,745,950,-59.3,124,13,1612,751,18126,695,22.7868523,1,133,02_lde_aligned\frame_0225_aligned.csv
226,340903248791,751.5781,751,892,-59.14,116,13,1508,753,17202,701,22.895231,1,150,02_lde_aligned\frame_0226_aligned.csv
227,347293161199,749.3281,749,913,-59.75,120,13,1560,754,17332,699,22.9923107,1,150,02_lde_aligned\frame_0227_aligned.csv
228,353682874422,746.3125,746,882,-58.89,120,13,1560,748,17236,696,23.0859535,1,150,02_lde_aligned\frame_0228_aligned.csv
229,360072616315,751.5156,751,909,-58.66,128,13,1664,753,17585,701,23.1961378,1,138,02_lde_aligned\frame_0229_aligned.csv
230,366462528692,748.2812,748,873,-58.58,148,13,1924,750,17112,698,23.2998841,1,150,02_lde_aligned\frame_0230_aligned.csv
231,372852241896,752.4687,752,923,-58.79,140,13,1820,755,17411,702,23.3919119,1,150,02_lde_aligned\frame_0231_aligned.csv
232,379241983758,749.4375,749,869,-58.56,156,13,2028,751,16864,699,23.4857892,1,150,02_lde_aligned\frame_0232_aligned.csv
233,385631896113,746.3594,746,884,-58.39,136,13,1768,748,17188,696,23.5979708,1,150,02_lde_aligned\frame_0233_aligned.csv
234,392021609289,750.4844,750,871,-58.56,156,13,2028,752,16863,700,23.6925043,1,150,02_lde_aligned\frame_0234_aligned.csv
235,398411351127,746.3281,746,871,-58.71,124,13,1612,748,16731,696,23.7875092,1,150,02_lde_aligned\frame_0235_aligned.csv
236,404801262949,750.6719,750,933,-58.46,156,13,2028,752,17621,700,23.887081,1,150,02_lde_aligned\frame_0236_aligned.csv
237,411191052406,747.4375,747,930,-59.37,140,13,1820,750,17208,697,23.996769,1,262,02_lde_aligned\frame_0237_aligned.csv
239,423970507366,746.6875,746,874,-58.33,136,13,1768,749,17098,696,24.1867368,1,150,02_lde_aligned\frame_0239_aligned.csv
240,430360419682,750.875,750,905,-59.35,168,13,2184,756,16886,700,24.2983658,1,150,02_lde_aligned\frame_0240_aligned.csv
241,436750132823,746.9531,746,930,-58.42,148,13,1924,749,17870,696,24.3925497,1,150,02_lde_aligned\frame_0241_aligned.csv
242,443139874632,750.8437,750,942,-58.56,176,13,2288,753,18240,700,24.4897662,1,150,02_lde_aligned\frame_0242_aligned.csv
243,449529786432,746.0937,746,904,-58.04,132,13,1716,748,17738,696,24.5842868,1,150,02_lde_aligned\frame_0243_aligned.csv
244,455919575860,749.5312,749,900,-57.97,156,13,2028,752,17465,699,24.6970538,1,150,02_lde_aligned\frame_0244_aligned.csv
245,462309288987,745.0156,745,978,-58.74,168,13,2184,752,17871,695,24.7908071,1,149,02_lde_aligned\frame_0245_aligned.csv
246,468699030787,748.6406,748,871,-58.49,132,13,1716,751,17033,698,24.8848169,1,150,02_lde_aligned\frame_0246_aligned.csv
247,475088942566,752.1875,752,888,-58.03,132,13,1716,754,17269,702,24.995805,1,150,02_lde_aligned\frame_0247_aligned.csv
248,481478731967,747.8281,747,971,-58.73,140,13,1820,749,18058,697,25.0960375,1,150,02_lde_aligned\frame_0248_aligned.csv
249,487868445083,751.6406,751,912,-58.14,132,13,1716,754,17599,701,25.2065881,1,150,02_lde_aligned\frame_0249_aligned.csv
250,494258186881,747.3594,747,992,-58.64,160,13,2080,754,18463,697,25.295977,1,150,02_lde_aligned\frame_0250_aligned.csv
251,500648098626,750.625,750,898,-59.03,128,13,1664,757,16965,700,25.3910075,1,150,02_lde_aligned\frame_0251_aligned.csv
252,507037888037,746.2969,746,1023,-59.03,156,13,2028,753,18808,696,25.48544,1,150,02_lde_aligned\frame_0252_aligned.csv
253,513427601138,749.125,749,953,-58.69,140,13,1820,756,17847,699,25.5960729,1,150,02_lde_aligned\frame_0253_aligned.csv
254,519817342909,752.2969,752,1076,-59.44,144,13,1872,754,19513,702,25.6935353,1,150,02_lde_aligned\frame_0254_aligned.csv
255,526207254650,746.75,746,918,-58.86,132,13,1716,749,17694,696,25.7874271,1,150,02_lde_aligned\frame_0255_aligned.csv
256,532597044012,750.1562,750,870,-58.69,124,13,1612,752,17150,700,25.8975846,1,150,02_lde_aligned\frame_0256_aligned.csv
257,538986757076,752.9062,752,996,-59.97,132,13,1716,755,18449,702,25.9921533,1,150,02_lde_aligned\frame_0257_aligned.csv
258,545376498815,747.0781,747,886,-58.95,132,13,1716,749,17376,697,26.1018735,1,150,02_lde_aligned\frame_0258_aligned.csv
259,551766410521,749.1094,749,859,-58.58,120,13,1560,751,16714,699,26.1980588,1,150,02_lde_aligned\frame_0259_aligned.csv
260,558156199859,751.3906,751,1018,-59.46,128,13,1664,753,18049,701,26.2876066,1,150,02_lde_aligned\frame_0260_aligned.csv
261,564545912885,746.1719,746,1006,-59.59,128,13,1664,749,18127,696,26.3972315,1,150,02_lde_aligned\frame_0261_aligned.csv
262,570935654585,747.7344,747,1025,-59.46,156,13,2028,750,19051,697,26.4921657,1,150,02_lde_aligned\frame_0262_aligned.csv
263,577325566791,750.0781,750,945,-59.28,124,13,1612,752,17700,700,26.5879201,1,150,02_lde_aligned\frame_0263_aligned.csv
264,583715279809,751.9844,751,961,-58.97,132,13,1716,754,18236,701,26.6997636,1,150,02_lde_aligned\frame_0264_aligned.csv
265,590105068607,746.0781,746,956,-59.19,132,13,1716,748,18116,696,26.7936004,1,150,02_lde_aligned\frame_0265_aligned.csv
266,596494810288,748.0937,748,899,-59.17,124,13,1612,750,17651,698,26.8884281,1,150,02_lde_aligned\frame_0266_aligned.csv
267,602884722469,749.5469,749,887,-59.61,116,13,1508,752,17263,699,26.9918297,1,286,02_lde_aligned\frame_0267_aligned.csv
269,615664224230,752.4375,752,874,-58.99,116,13,1508,754,16856,702,27.1989894,1,150,02_lde_aligned\frame_0269_aligned.csv
270,622053965874,746.375,746,870,-58.65,124,13,1612,748,16994,696,27.2933521,1,150,02_lde_aligned\frame_0270_aligned.csv
271,628443877506,747.375,747,890,-58.41,128,13,1664,749,17220,697,27.3876704,1,150,02_lde_aligned\frame_0271_aligned.csv
272,634833666750,748.1875,748,952,-58.93,148,13,1924,750,18147,698,27.4899434,1,150,02_lde_aligned\frame_0272_aligned.csv
273,641223379695,748.9531,748,868,-58.28,124,13,1612,751,16737,698,27.587012,1,150,02_lde_aligned\frame_0273_aligned.csv
274,647613121313,749.4844,749,961,-58.63,124,13,1612,751,18188,699,27.6960592,1,150,02_lde_aligned\frame_0274_aligned.csv
275,654003032908,750.7812,750,904,-57.91,160,13,2080,753,17691,700,27.7878248,1,150,02_lde_aligned\frame_0275_aligned.csv
276,660392822129,750.6094,750,865,-58.31,128,13,1664,752,16759,700,27.8901343,1,150,02_lde_aligned\frame_0276_aligned.csv
277,666782535061,751.4219,751,870,-58.5,128,13,1664,753,16594,701,27.9849159,1,150,02_lde_aligned\frame_0277_aligned.csv
278,673172323747,751.7656,751,900,-58.52,140,13,1820,754,17575,701,28.0892017,1,150,02_lde_aligned\frame_0278_aligned.csv
279,679562065320,752.0937,752,868,-58.48,132,13,1716,754,16744,702,28.1937527,1,150,02_lde_aligned\frame_0279_aligned.csv
280,685951976871,751.5781,751,946,-58.64,156,13,2028,757,17556,701,28.2876493,1,150,02_lde_aligned\frame_0280_aligned.csv
281,692341766045,751.2969,751,874,-58.36,124,13,1612,753,17013,701,28.383971,1,150,02_lde_aligned\frame_0281_aligned.csv
282,698731435386,750.875,750,920,-58.36,140,13,1820,753,17932,700,28.4947593,1,150,02_lde_aligned\frame_0282_aligned.csv
283,705121224544,750.9687,750,870,-58.44,128,13,1664,756,16759,700,28.5887704,1,150,02_lde_aligned\frame_0283_aligned.csv
284,711511009078,750.1875,750,938,-59.22,152,13,1976,755,17789,700,28.6868493,1,150,02_lde_aligned\frame_0284_aligned.csv
285,717900920587,749.5156,749,875,-59.49,144,13,1872,751,16940,699,28.78329,1,150,02_lde_aligned\frame_0285_aligned.csv
286,724290709709,748.2969,748,890,-59.07,120,13,1560,750,17386,698,28.8953825,1,150,02_lde_aligned\frame_0286_aligned.csv
287,730680422539,747.7656,747,891,-58.94,116,13,1508,753,17387,697,28.9928723,1,107,02_lde_aligned\frame_0287_aligned.csv
288,737070211127,746.8281,746,870,-58.97,116,13,1508,749,17134,696,29.0856498,1,150,02_lde_aligned\frame_0288_aligned.csv
289,743459999714,752.875,752,1011,-59.14,116,13,1508,755,18577,702,29.196803,1,150,02_lde_aligned\frame_0289_aligned.csv
290,749849741179,751.0156,751,866,-58.89,108,13,1404,753,17053,701,29.292507,1,150,02_lde_aligned\frame_0290_aligned.csv
291,756239652624,750.0937,750,858,-59.7,108,13,1404,752,16700,700,29.3924523,1,150,02_lde_aligned\frame_0291_aligned.csv
292,762629441690,747.25,747,871,-59.16,100,13,1300,749,17148,697,29.4855993,1,150,02_lde_aligned\frame_0292_aligned.csv
293,769019153946,745.25,745,1079,-60.2,128,13,1664,747,19535,695,29.5984036,1,150,02_lde_aligned\frame_0293_aligned.csv
294,775408895898,751.75,751,879,-59.32,112,13,1456,754,17262,701,29.6897854,1,150,02_lde_aligned\frame_0294_aligned.csv
295,781798807308,749.4062,749,873,-59.5,124,13,1612,751,16783,699,29.7840351,1,150,02_lde_aligned\frame_0295_aligned.csv
296,788188520052,746.9062,746,1102,-60.14,128,13,1664,748,19310,696,29.8957257,1,150,02_lde_aligned\frame_0296_aligned.csv
