taps_from_fp,excess_path_m,reflector_off_m,amplitude_norm_mean,amplitude_norm_sd,n_frames
-50,-15.014,NaN,0.235540024399997,0.109981617341509,5
-49.5,-14.86386,NaN,0.267817024399997,0.141983606748161,5
-49,-14.71372,NaN,0.284185640999999,0.123936708744951,5
-48.5,-14.56358,NaN,0.283426640999999,0.134162318860885,5
-48,-14.41344,NaN,0.292953396799998,0.162586147157749,5
-47.5,-14.2633,NaN,0.324700396799998,0.160145390355615,5
-47,-14.11316,NaN,0.352712654399998,0.13975244628307,5
-46.5,-13.96302,NaN,0.401643654399998,0.0916961478263692,5
-46,-13.81288,NaN,0.551805650599985,0.123791435003991,5
-45.5,-13.66274,NaN,0.793708650599985,0.137783114420507,5
-45,-13.5126,NaN,0.953529930399997,0.144312681868865,5
-44.5,-13.36246,NaN,0.997822930399997,0.140866162370088,5
-44,-13.21232,NaN,0.927370496200012,0.145849930483181,5
-43.5,-13.06218,NaN,0.733231496200012,0.145608352686477,5
-43,-12.91204,NaN,0.495072292400011,0.133174140657533,5
-42.5,-12.7619,NaN,0.294500292400011,0.0668620517227687,5
-42,-12.61176,NaN,0.258568853199995,0.0835346222993456,5
-41.5,-12.46162,NaN,0.351892853199995,0.120744675818344,5
-41,-12.31148,NaN,0.382389169000005,0.165272919512285,5
-40.5,-12.16134,NaN,0.315847169000005,0.138912750210019,5
-40,-12.0112,NaN,0.236802942200004,0.0828427430538775,5
-39.5,-11.86106,NaN,0.167755942200004,0.0420966647155806,5
-39,-11.71092,NaN,0.190141863799992,0.0450665394378581,5
-38.5,-11.56078,NaN,0.281806863799992,0.111712988644484,5
-38,-11.41064,NaN,0.314032789400001,0.111515049654753,5
-37.5,-11.2605,NaN,0.308335789400001,0.102327060781858,5
-37,-11.11036,NaN,0.261304742600005,0.0818490344302585,5
-36.5,-10.96022,NaN,0.173701742600005,0.0686140567738682,5
-36,-10.81008,NaN,0.22823301959999,0.118111986327547,5
-35.5,-10.65994,NaN,0.40053901959999,0.14767894616708,5
-35,-10.5098,NaN,0.494659008599997,0.14670959132356,5
-34.5,-10.35966,NaN,0.525725008599997,0.180741536383891,5
-34,-10.20952,NaN,0.485023124400006,0.176646772762061,5
-33.5,-10.05938,NaN,0.386961124400006,0.172937179991531,5
-33,-9.90924,NaN,0.305381076400005,0.12937086484177,5
-32.5,-9.7591,NaN,0.260576076400005,0.0644610158823635,5
-32,-9.60896,NaN,0.413985816799978,0.109625950698947,5
-31.5,-9.45882,NaN,0.761217816799978,0.173064908278806,5
-31,-9.30868,NaN,1.03958968079999,0.263284868788746,5
-30.5,-9.15854,NaN,1.21333368079999,0.265666606505464,5
-30,-9.0084,NaN,1.2794743898,0.259257015928344,5
-29.5,-8.85826,NaN,1.2132483898,0.172434032388497,5
-29,-8.70812,NaN,1.1284176724,0.119388195256656,5
-28.5,-8.55798,NaN,1.0506776724,0.104418270347441,5
-28,-8.40784,NaN,1.0050747862,0.112025025392792,5
-27.5,-8.2577,NaN,1.0009367862,0.14324271840295,5
-27,-8.10756,NaN,0.957069329400006,0.163026777625391,5
-26.5,-7.95742,NaN,0.866990329400007,0.174132985098967,5
-26,-7.80728,NaN,0.723360700000012,0.159597518201869,5
-25.5,-7.65714,NaN,0.557905700000012,0.156116926939168,5
-25,-7.507,NaN,0.471706472999999,0.0799157855170156,5
-24.5,-7.35686,NaN,0.446187472999999,0.071331588910709,5
-24,-7.20672,NaN,0.423942076200005,0.0825331739901334,5
-23.5,-7.05658,NaN,0.395880076200005,0.0805934621540948,5
-23,-6.90644,NaN,0.47022165799999,0.0928622390511231,5
-22.5,-6.7563,NaN,0.60142765799999,0.201443852042522,5
-22,-6.60616,NaN,0.53630145720001,0.184964671917877,5
-21.5,-6.45602,NaN,0.36080445720001,0.108803955508419,5
-21,-6.30588,NaN,0.279150216400002,0.089378685600258,5
-20.5,-6.15574,NaN,0.263154216400002,0.0723133880409113,5
-20,-6.0056,NaN,0.2535381898,0.0656342876959296,5
-19.5,-5.85546,NaN,0.2378871898,0.0734025310563882,5
-19,-5.70532,NaN,0.213761615800001,0.0676929915532994,5
-18.5,-5.55518,NaN,0.192096615800001,0.0468438828026665,5
-18,-5.40504,NaN,0.185983750600001,0.0440267676166247,5
-17.5,-5.2549,NaN,0.179997750600001,0.0461852799609323,5
-17,-5.10476,NaN,0.162880872200001,0.0503125139857386,5
-16.5,-4.95462,NaN,0.147092872200001,0.0507000201176647,5
-16,-4.80448,NaN,0.164415107399998,0.0520394603129037,5
-15.5,-4.65434,NaN,0.205102107399998,0.0741348537551421,5
-15,-4.5042,NaN,0.279371786999991,0.0712706067590962,5
-14.5,-4.35406,NaN,0.372595786999991,0.10706288774814,5
-14,-4.20392,NaN,0.415279676400002,0.104592042236323,5
-13.5,-4.05378,NaN,0.414369676400002,0.122628808099828,5
-13,-3.90364,NaN,0.385901724800002,0.149727413544829,5
-12.5,-3.7535,NaN,0.374522724800002,0.1273692649896,5
-12,-3.60336,NaN,0.354117007400003,0.0818306176871549,5
-11.5,-3.45322,NaN,0.285380007400003,0.0394021815853254,5
-11,-3.30308,NaN,0.219856714800002,0.0435269767650961,5
-10.5,-3.15294,NaN,0.179810714800002,0.0560672756206419,5
-10,-3.0028,NaN,0.207621569399995,0.0555681141013335,5
-9.5,-2.85266,NaN,0.277842569399995,0.0591843046835276,5
-9,-2.70252,NaN,0.3042451852,0.0626709232500093,5
-8.5,-2.55238,NaN,0.2888251852,0.0777236260368649,5
-8,-2.40224,NaN,0.253513373800003,0.0727199739906461,5
-7.5,-2.2521,NaN,0.209755373800003,0.0651163460280803,5
-7,-2.10196,NaN,0.182801722800001,0.0558001666116835,5
-6.5,-1.95182,NaN,0.176048722800001,0.0481514776377885,5
-6,-1.80168,NaN,0.168775024800001,0.0374788537943656,5
-5.5,-1.65154,NaN,0.158855024800001,0.0405610324908552,5
-5,-1.5014,NaN,0.171765585399999,0.0361232552151879,5
-4.5,-1.35126,NaN,0.188029585399999,0.0486484404772127,5
-4,-1.20112,NaN,0.166194504800002,0.0459844654119089,5
-3.5,-1.05098,NaN,0.136088504800002,0.0346880563812079,5
-3,-0.90084,NaN,0.113612674000001,0.0407945717717313,5
-2.5,-0.7507,NaN,0.0917786740000009,0.0500349740721317,5
-2,-0.60056,NaN,0.108262218999993,0.0538277504819071,5
-1.5,-0.45042,NaN,0.200045218999993,0.152146503014626,5
-1,-0.30028,NaN,1.60726731719982,0.413066212033933,5
-0.5,-0.15014,NaN,4.56816031719982,0.510245495165908,5
0,0,0,9.25025596399966,0.217368582146141,5
0.5,0.15014,0.617240232729527,14.8693559639997,0.484406678528201,5
1,0.30028,0.879341810446882,17.9061547686,0.42166298782731,5
1.5,0.45042,1.08479009218374,18.6918897686,0.120248101063956,5
2,0.60056,1.2615736515955,18.9790876668,0.123307895369963,5
2.5,0.7507,1.42043571572247,18.9425266668,0.137265005757772,5
3,0.90084,1.56683699739316,18.7360389184,0.230148377289293,5
3.5,1.05098,1.70399229461286,18.3210959184,0.174919720001615,5
4,1.20112,1.83397718459091,17.9453714452,0.124637690503308,5
4.5,1.35126,1.95822008387719,17.7207424452,0.160726037902425,5
5,1.5014,2.07775130609994,17.6016326502,0.400764701263895,5
5.5,1.65154,2.19334130789077,17.3579236502,0.860107575250374,5
6,1.80168,2.305582942685,14.5453378162004,1.45614009344838,5
6.5,1.95182,2.41494313144223,9.56219481620037,3.29672579478438,5
7,2.10196,2.52179677222412,9.16750741859969,3.69650688978787,5
7.5,2.2521,2.62644980962896,12.9639334185997,2.88190506489362,5
8,2.40224,2.72915541045211,13.7034276010002,2.18134758198074,5
8.5,2.55238,2.83012560076404,11.4056136010002,1.92812118488379,5
9,2.70252,2.92953982522853,11.0098120417999,2.5090828693868,5
9.5,2.85266,3.02755136519597,12.3744850417999,2.77127740773862,5
10,3.0028,3.12429223345064,10.7110195032002,1.41092515925514,5
10.5,3.15294,3.21987696362765,6.70173950320025,0.550137758261368,5
11,3.30308,3.31440558344932,4.07573971440011,0.612416755761038,5
11.5,3.45322,3.4079659757838,2.83768471440011,2.01958946702689,5
12,3.60336,3.50063577402734,2.11144795180001,2.1791782292252,5
12.5,3.7535,3.59248389871131,1.45174495180001,1.27711344509443,5
13,3.90364,3.68357181447573,1.26469764979999,0.720832126391715,5
13.5,4.05378,3.7739545667774,1.54615864979999,0.708384547923822,5
14,4.20392,3.86368164340697,1.75155473119998,0.686232999695634,5
14.5,4.35406,3.95279769541777,1.83896273119998,0.844004901869838,5
15,4.5042,4.0413431443024,2.03061873919998,0.67153484172914,5
15.5,4.65434,4.12935469642655,2.22634273919998,0.869453331275359,5
16,4.80448,4.21686578131199,2.34754903799999,1.07335155042556,5
16.5,4.95462,4.30390692697925,2.60638803799999,1.06122047014256,5
17,5.10476,4.39050608294761,2.90893985639998,1.11507885428537,5
17.5,5.2549,4.4766888994546,3.42391785639998,1.35421149196275,5
18,5.40504,4.56247896985838,5.50500746359979,1.63158187697675,5
18.5,5.55518,4.64789804192175,8.83520446359979,1.49898757210369,5
19,5.70532,4.73296620266826,10.9815769709999,1.07915825331784,5
19.5,5.85546,4.81770204069326,11.8550019709999,1.35623891105696,5
20,6.0056,4.90212278915981,10.9004307260002,1.5630537581072,5
20.5,6.15574,4.98624445218042,8.15696872600018,1.38798748402409,5
21,6.30588,5.07008191685302,5.04936373840015,1.01804347949034,5
21.5,6.45602,5.15364905286536,2.28032973840015,0.751783817333669,5
22,6.60616,5.23695880128916,1.68168471139995,0.911848676902132,5
22.5,6.7563,5.32002325394354,2.62154371139995,1.14881127175461,5
23,6.90644,5.40285372450523,2.82138779180005,1.22244997112032,5
23.5,7.05658,5.48546081237484,2.24618279180005,1.2285615565751,5
24,7.20672,5.56785446016686,1.49299582920003,0.941920434161116,5
24.5,7.35686,5.65004400557199,0.861017829200032,0.221181726152231,5
25,7.507,5.73203822823958,1.15332007879993,0.523118885387474,5
25.5,7.65714,5.81384539224256,2.00742507879993,1.17229200070275,5
26,7.80728,5.89547328461422,2.38970012700001,1.23661317613088,5
26.5,7.95742,5.97692925038435,2.39249812700001,1.2833645937168,5
27,8.10756,6.05822022448838,1.86312422680005,0.873073184197456,5
27.5,8.2577,6.13935276087797,1.19732022680005,0.31522960065453,5
28,8.40784,6.22033305912151,1.8537142101999,0.503459859853637,5
28.5,8.55798,6.30116698874899,3.3751442101999,0.811239673101204,5
29,8.70812,6.38186011156622,4.28524674439996,0.931657971706346,5
29.5,8.85826,6.46241770213749,4.70992474439996,1.43847744044755,5
30,9.0084,6.54284476661337,4.55466476480004,1.62886751961351,5
30.5,9.15854,6.62314606006088,3.96667076480004,1.73467388752971,5
31,9.30868,6.70332610243601,3.24902447040007,1.67986800877687,5
31.5,9.45882,6.78338919332364,2.43695247040007,1.49095252846178,5
32,9.60896,6.86333942555663,2.1260424374,1.32567342564083,5
32.5,9.7591,6.94318069781422,2.2099214374,1.34024442152194,5
33,9.90924,7.02291672628973,2.38784387439999,1.32650994192428,5
33.5,10.05938,7.10255105550815,2.56933687439999,1.27547949816279,5
34,10.20952,7.18208706836669,2.52829733540002,1.13416314011844,5
34.5,10.35966,7.26152799546349,2.18878033540002,0.791494247420772,5
35,10.5098,7.34087692377416,1.88366838820001,0.525293024203725,5
35.5,10.65994,7.42013680472941,1.74084938820001,0.312903274378816,5
36,10.81008,7.49931046174247,1.95896692219996,0.356005521416781,5
36.5,10.96022,7.57840059723026,2.55246692219996,0.435653521512012,5
37,11.11036,7.65740979916838,3.29164894699993,0.721348000662952,5
37.5,11.2605,7.73634054721611,4.20193394699993,1.11725557291977,5
38,11.41064,7.81519521844464,4.7172986064,1.48435417321617,5
38.5,11.56078,7.89397609269879,4.7919076064,1.70091696417592,5
39,11.71092,7.97268535761948,4.26674613260008,1.72812060822389,5
39.5,11.86106,8.05132511335246,3.15208713260008,1.34755649597568,5
40,12.0112,8.12989737696608,2.64108063900001,0.80832924479428,5
40.5,12.16134,8.20840408659929,2.710563639,0.566764298272251,5
41,12.31148,8.28684710535919,2.92192136039998,0.536046766430279,5
41.5,12.46162,8.36522822498586,3.24671236039998,0.550412105174714,5
42,12.61176,8.44354916930079,3.19545093540002,0.586121639339232,5
42.5,12.7619,8.52181159745391,2.83130093540002,0.557093005525924,5
43,12.91204,8.60001710698298,2.31179537840004,0.599539476554419,5
43.5,13.06218,8.67816723669808,1.66882537840004,0.620893558889491,5
44,13.21232,8.75626346940292,1.26749906200001,0.516431502960109,5
44.5,13.36246,8.83430723446383,1.05604806200001,0.431675964065688,5
45,13.5126,8.91229991023642,1.07905706039999,0.36317921085486,5
45.5,13.66274,8.99024282635903,1.33279306039999,0.423681721838999,5
46,13.81288,9.06813726592182,1.53717482079999,0.433366927104121,5
46.5,13.96302,9.14598446751907,1.63788882079999,0.456377400946306,5
47,14.11316,9.22378562719234,1.57925022760001,0.396752460229991,5
47.5,14.2633,9.30154190027116,1.39643522760001,0.246506097447471,5
48,14.41344,9.37925440311755,1.29844892399999,0.187245143983936,5
48.5,14.56358,9.45692421478041,1.32196692399999,0.129921371894318,5
49,14.71372,9.53455237856503,1.68755346959995,0.379596822810877,5
49.5,14.86386,9.61213990352304,2.37671946959995,0.624811857646377,5
50,15.014,9.68968776586738,3.08177601279996,0.845169624856132,5
50.5,15.16414,9.7671969103167,3.75694501279996,1.0213821203905,5
51,15.31428,9.84466825137343,3.85461960440004,0.914378842191591,5
51.5,15.46442,9.9221026745393,3.45069960440004,0.642202910618962,5
52,15.61456,9.99950103747182,2.97069863380004,0.4585165378768,5
52.5,15.7647,10.0768641710852,2.42654763380004,0.434140186975557,5
53,15.91484,10.1541928805986,1.96506747800002,0.398103710069892,5
53.5,16.06498,10.2314879465354,1.58153247800002,0.406291169053037,5
54,16.21512,10.3087501256748,1.50558118099998,0.403984118156715,5
54.5,16.36526,10.3859801519597,1.71710018099998,0.436275974260944,5
55,16.5154,10.4631787373628,1.80723174840001,0.463479783027208,5
55.5,16.66554,10.5403465727129,1.71621374840001,0.333941499705042,5
56,16.81568,10.6174843284838,1.47037435880002,0.245970932531883,5
56.5,16.96582,10.6945926555479,1.13154935880002,0.212224044238271,5
57,17.11596,10.7716721858957,0.952485287800002,0.112547336204815,5
57.5,17.2661,10.8487235333241,0.918250287800002,0.0751443912398946,5
58,17.41624,10.9257472940939,0.965955074399995,0.140917046435791,5
58.5,17.56638,11.0027440475592,1.0504520744,0.218285115467347,5
59,17.71652,11.0797143567693,1.09577324139999,0.270574119672895,5
59.5,17.86666,11.1566587690446,1.14353124139999,0.274069132083761,5
60,18.0168,11.2335778165284,1.29729909059998,0.32355917586986,5
60.5,18.16694,11.3104720167153,1.57265809059998,0.295405039143962,5
61,18.31708,11.387341872957,1.7127189894,0.238221913062859,5
61.5,18.46722,11.4641878749478,1.7594669894,0.317241364005072,5
62,18.61736,11.5410104991894,1.81827167639999,0.458648040589873,5
62.5,18.7675,11.6178102094371,1.88256767639999,0.622565112868177,5
63,18.91764,11.6945874571273,1.96171419120001,0.678104980263489,5
63.5,19.06778,11.7713426817887,1.92633919120001,0.521134340520968,5
64,19.21792,11.8480763114355,1.8379203256,0.359858989504098,5
64.5,19.36806,11.9247887629467,1.7981343256,0.223722286971256,5
65,19.5182,12.0014804424288,1.8186787154,0.204220721853864,5
65.5,19.66834,12.0781517455652,1.8793677154,0.2413057493492,5
66,19.81848,12.154803057952,1.87700491600001,0.243849039336526,5
66.5,19.96862,12.2314347554201,1.79075091600001,0.203107122664742,5
67,20.11876,12.3080472043456,1.57784896760002,0.152983028546695,5
67.5,20.2689,12.3846407619478,1.25475596760002,0.0856886951270912,5
68,20.41904,12.4612157765765,0.841133243400029,0.0566685965948582,5
68.5,20.56918,12.5377725879879,0.400645243400029,0.199126434602332,5
69,20.71932,12.6143115276102,0.314738690599985,0.191281477151684,5
69.5,20.86946,12.6908329188001,0.509233690599985,0.219813495740563,5
70,21.0196,12.7673370770886,0.948849434999951,0.358550613776982,5
70.5,21.16974,12.8438243104186,1.64885343499995,0.451176702920309,5
71,21.31988,12.9202949193739,2.10220618079999,0.349092279684,5
71.5,21.47002,12.9967491973993,2.27298918079999,0.209684108159199,5
72,21.62016,13.0731874310131,2.18670365280002,0.243515432258618,5
72.5,21.7703,13.1496099000122,1.85215665280002,0.265543744954807,5
73,21.92044,13.2260168776696,1.48515101700002,0.299588629535292,5
73.5,22.07058,13.3024086309247,1.16877301700002,0.362530465949939,5
74,22.22072,13.3787854205679,1.0686156424,0.387748312438735,5
74.5,22.37086,13.4551475014174,1.1389776424,0.332159667288443,5
75,22.521,13.5314951224911,1.13636722900001,0.264256493195304,5
75.5,22.67114,13.6078285271714,1.08495622900001,0.279273097917703,5
76,22.82128,13.6841479533656,1.0361657246,0.309918903854333,5
76.5,22.97142,13.7604536336598,0.961428724600003,0.308802401474469,5
77,23.12156,13.8367457954679,1.00725007399999,0.296658223523939,5
77.5,23.2717,13.9130246611763,1.13967507399999,0.306507203207101,5
78,23.42184,13.9892904482822,1.1599943066,0.27091040798688,5
78.5,23.57198,14.065543369529,1.0446823066,0.259178417478847,5
79,23.72212,14.1417836330358,0.915396843000003,0.268591046592526,5
79.5,23.87226,14.218011442424,0.809461843000003,0.270635933670812,5
80,24.0224,14.2942269969383,0.840862126999989,0.325248405471805,5
80.5,24.17254,14.370430491565,1.04101512699999,0.268193245166105,5
81,24.32268,14.4466221171456,1.31090662579998,0.251339038956287,5
81.5,24.47282,14.5228020604875,1.66939962579998,0.183726106502604,5
82,24.62296,14.5989705044705,1.95895910079999,0.181360999236567,5
82.5,24.7731,14.6751276281503,2.10979610079999,0.199460960893784,5
83,24.92324,14.7512736068585,2.1743596172,0.205875436979606,5
83.5,25.07338,14.8274086122997,2.1871726172,0.232955038997622,5
84,25.22352,14.9035328126455,2.15487415020001,0.283917149801109,5
84.5,25.37366,14.9796463726251,2.06352715020001,0.36686320970451,5
85,25.5238,15.0557494536141,1.76626888600003,0.398567187219538,5
85.5,25.67394,15.1318422137194,1.28704988600003,0.404185161570587,5
86,25.82408,15.2079248078625,1.0059516808,0.379124752161643,5
86.5,25.97422,15.2839973878596,0.924364680800003,0.304593986258012,5
87,26.12436,15.3600601024996,0.876191926999999,0.263814830033803,5
87.5,26.2745,15.4361130976195,0.867248926999999,0.234289760040625,5
88,26.42464,15.5121565161779,0.832830523200003,0.217982867873129,5
88.5,26.57478,15.588190498326,0.772071523200003,0.241379512335213,5
89,26.72492,15.6642151814765,0.861346232599985,0.284584610514015,5
89.5,26.87506,15.7402307003709,1.03881423259998,0.365696902436744,5
90,27.0252,15.8162371871441,1.1545648118,0.378686919858614,5
90.5,27.17534,15.8922347713876,1.2219338118,0.382066477499525,5
91,27.32548,15.9682235802108,1.17293197340001,0.298225532336103,5
91.5,27.47562,16.0442037383006,1.09336997340001,0.174658968999741,5
92,27.62576,16.1201753679791,1.22165003019998,0.206356155862467,5
92.5,27.7759,16.1961385892595,1.48563203019998,0.249779572523056,5
93,27.92604,16.2720935199009,1.6267264544,0.266912199737535,5
93.5,28.07618,16.3480402754612,1.6619954544,0.352009471000789,5
94,28.22632,16.4239789693484,1.59599198660001,0.424457270099146,5
94.5,28.37646,16.4999097128712,1.46095698660001,0.515974626493647,5
95,28.5266,16.5758326152866,1.4301607262,0.53456402602228,5
95.5,28.67674,16.6517477838484,1.4935897262,0.480650663553491,5
96,28.82688,16.7276553238522,1.63398704999999,0.351517452542632,5
96.5,28.97702,16.8035553386806,1.80371704999999,0.162234907433824,5
97,29.12716,16.8794479298465,1.913726702,0.0748897877955026,5
97.5,29.2773,16.9553331970357,1.96778770199999,0.0750961261496185,5
98,29.42744,17.0312112381475,1.9478921816,0.0864365703647281,5
98.5,29.57758,17.1070821493351,1.8786461816,0.108423505363923,5
99,29.72772,17.1829460250447,NaN,NaN,0
99.5,29.87786,17.258802958053,NaN,NaN,0
100,30.028,17.3346530395044,NaN,NaN,0
