sample,real,imag,amplitude,amplitude_norm
726,-63,225,233.65,0.2491
727,-79,150,169.53,0.18074
728,10,108,108.46,0.11563
729,62,128,142.23,0.15163
730,108,49,118.6,0.12643
731,120,-37,125.57,0.13387
732,201,-33,203.69,0.21715
733,127,30,130.5,0.13912
734,-32,74,80.62,0.08595
735,-29,-4,29.27,0.03121
736,90,84,123.11,0.13125
737,189,119,223.34,0.23811
738,213,111,240.19,0.25606
739,211,64,220.49,0.23507
740,142,-11,142.43,0.15184
741,135,32,138.74,0.14791
742,10,114,114.44,0.122
743,17,85,86.68,0.09241
744,66,8,66.48,0.07088
745,563,126,576.93,0.61506
746,3762,723,3830.84,4.08406
747,12261,1104,12310.6,13.12431
748,16415,-1594,16492.21,17.58232
749,11828,-7882,14213.64,15.15313
750,-3766,-10243,10913.38,11.63473
751,-13116,-5112,14077,15.00747
752,-5417,-1785,5703.52,6.08051
753,7156,-4391,8395.79,8.95073
754,8517,-5826,10318.99,11.00106
755,-15,193,193.58,0.20638
756,-5132,6822,8536.81,9.10108
757,-3387,5814,6728.62,7.17337
758,-554,-285,623.01,0.66419
759,-793,-2753,2864.94,3.0543
760,-1979,143,1984.16,2.11531
761,-1029,2605,2800.87,2.986
762,2053,1659,2639.52,2.81399
763,4053,474,4080.62,4.35034
764,2730,1317,3031.07,3.23142
765,337,1016,1070.43,1.14119
766,-1019,-1742,2018.15,2.15154
767,-1789,-3285,3740.55,3.9878
768,-2173,-873,2341.81,2.4966
769,-1769,2350,2941.4,3.13583
770,-367,3441,3460.52,3.68925
771,675,2623,2708.46,2.88748
772,525,1844,1917.28,2.04401
773,-243,1109,1135.31,1.21035
774,-511,341,614.33,0.65494
775,-234,-106,256.89,0.27387
776,267,168,315.46,0.33631
777,273,647,702.24,0.74865
778,-586,516,780.8,0.83241
779,-1009,-154,1020.68,1.08815
780,-370,-292,471.34,0.5025
781,210,63,219.25,0.23374
782,374,592,700.24,0.74653
783,-104,775,781.95,0.83363
784,-364,633,730.2,0.77846
785,-268,274,383.28,0.40861
786,-107,-107,151.32,0.16132
787,-139,-129,189.64,0.20217
788,-332,485,587.75,0.6266
789,-342,1291,1335.53,1.42381
790,-290,1252,1285.15,1.37009
791,-553,720,907.86,0.96787
792,-870,409,961.34,1.02489
793,-932,719,1177.11,1.25491
794,-512,765,920.53,0.98137
795,-155,80,174.43,0.18596
796,-25,-533,533.59,0.56885
797,-276,-660,715.39,0.76267
798,-635,-385,742.6,0.79168
799,-801,-53,802.75,0.85581
800,-633,35,633.97,0.67587
801,-202,-218,297.2,0.31684
802,-85,-353,363.09,0.38709
803,-341,-118,360.84,0.38469
804,-609,244,656.06,0.69943
805,-549,529,762.39,0.81278
806,-98,412,423.49,0.45149
807,-13,196,196.43,0.20941
808,-409,159,438.82,0.46782
809,-652,322,727.18,0.77524
810,-512,560,758.78,0.80893
811,-107,821,827.94,0.88267
812,281,1027,1064.75,1.13513
813,552,759,938.5,1.00053
814,314,37,316.17,0.33707
815,-87,-435,443.61,0.47294
816,-153,-91,178.02,0.18978
817,127,605,618.19,0.65905
818,70,691,694.54,0.74044
819,-366,303,475.15,0.50655
820,-666,71,669.77,0.71404
821,-415,267,493.47,0.52609
822,66,485,489.47,0.52182
823,2,478,478,0.5096
824,-415,282,501.75,0.53491
825,-581,202,615.11,0.65577
826,-434,351,558.17,0.59507
827,-357,522,632.4,0.6742
828,-381,467,602.7,0.64254
829,-375,303,482.11,0.51398
830,-236,78,248.56,0.26498
831,-188,-142,235.6,0.25117
832,-339,-93,351.53,0.37476
833,-440,52,443.06,0.47235
834,-298,280,408.91,0.43593
835,-205,362,416.02,0.44351
836,-216,231,316.25,0.33716
837,-335,76,343.51,0.36622
838,-324,97,338.21,0.36056
839,-147,198,246.6,0.2629
840,-172,317,360.66,0.3845
841,-229,316,390.25,0.41605
842,-316,443,544.16,0.58012
843,-141,1069,1078.26,1.14953
844,219,1330,1347.91,1.437
845,607,987,1158.71,1.2353
846,650,-103,658.11,0.70161
847,161,-802,818,0.87207
848,-287,-219,361.01,0.38487
849,91,670,676.15,0.72084
850,403,804,899.35,0.95879
851,-133,205,244.36,0.26052
852,-891,-93,895.84,0.95505
853,-775,-38,775.93,0.82722
854,-148,107,182.63,0.1947
855,34,80,86.93,0.09267
856,-238,-56,244.5,0.26066
857,-477,27,477.76,0.50934
858,-409,312,514.42,0.54842
859,-257,496,558.63,0.59555
860,-262,486,552.12,0.58862
861,-189,196,272.28,0.29028
862,20,70,72.8,0.07761
863,95,-95,134.35,0.14323
864,-20,-38,42.94,0.04578
865,-365,52,368.69,0.39305
866,-414,181,451.84,0.4817
867,-354,237,426.01,0.45417
868,-292,169,337.38,0.35968
869,-324,141,353.35,0.37671
870,-181,135,225.8,0.24073
871,-60,167,177.45,0.18918
872,-16,149,149.86,0.15976
873,-67,16,68.88,0.07344
874,-129,-191,230.48,0.24572
875,-10,-731,731.07,0.77939
876,-121,-943,950.73,1.01357
877,-633,-561,845.82,0.90173
878,-752,574,946.03,1.00856
879,-303,1146,1185.38,1.26373
880,-180,516,546.49,0.58262
881,-427,-351,552.75,0.58928
882,-513,-421,663.63,0.7075
883,-71,167,181.47,0.19346
884,339,484,590.91,0.62997
885,228,330,401.1,0.42762
886,-141,146,202.97,0.21639
887,-238,155,284.02,0.3028
888,-50,236,241.24,0.25718
889,88,189,208.48,0.22226
890,-47,-4,47.17,0.05029
891,-34,-99,104.68,0.11159
892,36,-109,114.79,0.12238
893,-1,5,5.1,0.00544
894,-155,199,252.24,0.26891
895,-248,271,367.35,0.39163
896,-72,316,324.1,0.34552
897,155,211,261.81,0.27912
898,184,108,213.35,0.22746
899,123,-6,123.15,0.13129
900,-6,-38,38.47,0.04101
901,-6,21,21.84,0.02328
902,-36,127,132,0.14073
903,-89,84,122.38,0.13047
904,-82,76,111.8,0.11919
905,-94,145,172.8,0.18423
906,-44,120,127.81,0.13626
907,18,-16,24.08,0.02568
908,90,-99,133.79,0.14264
909,-60,-85,104.04,0.11092
910,-271,160,314.71,0.33551
911,-150,290,326.5,0.34808
912,-150,168,225.22,0.24011
913,-162,61,173.1,0.18455
914,-129,3,129.03,0.13756
915,-89,98,132.38,0.14113
916,3,219,219.02,0.2335
917,38,250,252.87,0.26959
918,96,141,170.58,0.18185
919,8,129,129.25,0.13779
920,-64,142,155.76,0.16605
921,12,196,196.37,0.20935
922,-50,192,198.4,0.21152
923,7,122,122.2,0.13028
924,-4,55,55.15,0.05879
925,-5,58,58.22,0.06206
